"case_name","task_source","chain","fork_block_number","target_contract_address","evm_version"
"bancor","defihacklabs","mainnet","10307563","0x5f58058C0eC971492166763c8C22632B583F667f",""
"opyn","defihacklabs","mainnet","10592516","0x951D51bAeFb72319d9FBE941E1615938d89ABfe2",""
"bzx","defihacklabs","mainnet","10852715","0xB983E01458529665007fF7E0CDdeCDB74B967Eb6",""
"cover","defihacklabs","mainnet","11542309","0xE0B94a7BB45dD905c79bB1992C9879f40F1CAeD5",""
"pickle","defihacklabs","mainnet","11303122","0x6847259b2B3A4c17e7c43C54409810aF48bA5210",""
"harvestfinance","defihacklabs","mainnet","11129473","0xf0358e8c3CD5Fa238a29301d0bEa3D63A17bEdBE",""
"sushi_badger_digg","defihacklabs","mainnet","11720049","0xE11fc0B43ab98Eb91e9836129d1ee7c3Bc95df50","shanghai"
"lendfme","defihacklabs","mainnet","9899725","0x0eEe3E3828A45f7601D5F54bF49bB01d1A9dF5ea",""
"yearn_ydai","defihacklabs","mainnet","11792183","0xACd43E627e64355f1861cEC6d3a6688B31a6F952","shanghai"
"uranium","defihacklabs","bsc","6920000","0xA943eA143cd7E79806d670f4a7cf08F8922a454F","shanghai"
"spartan","defihacklabs","bsc","7048832","0x3de669c4F1f167a8aFBc9993E4753b84b576426f","shanghai"
"dodo_flashloan","defihacklabs","mainnet","12000000","0x051EBD717311350f1684f89335bed4ABd083a2b6","shanghai"
"pancakebunny","defihacklabs","bsc","7556330","0x633e538EcF0bee1a18c2EDFE10C4Da0d6E71e77B","shanghai"
"burgerswap","defihacklabs","bsc","7781159","0x7ac55ac530f2C29659573Bde0700c6758D69e677","shanghai"
"88mph","defihacklabs","mainnet","12516705","0xF0b7DE03134857391d8D43Ed48e20EDF21461097","shanghai"
"eleven","defihacklabs","bsc","8530973","0x27DD6E51BF715cFc0e2fe96Af26fC9DED89e4BE8","shanghai"
"xwin","defihacklabs","bsc","8589725","0x1Bf7fe7568211ecfF68B6bC7CCAd31eCd8fe8092","shanghai"
"cream","defihacklabs","mainnet","13125070","0x2Db6c82CE72C8d7D770ba1b5F5Ed0b6E075066d6","shanghai"
"xsurge","defihacklabs","bsc","10087723","0xE1E1Aa58983F6b8eE8E4eCD206ceA6578F036c21","shanghai"
"nowswap","defihacklabs","mainnet","13225516","0xA0Ff0e694275023f4986dC3CA12A6eb5D6056C62","shanghai"
"nimbus","defihacklabs","mainnet","13225516","0xc0A6B8c534FaD86dF8FA1AbB17084A70F86EDDc1","shanghai"
"waultfinance","defihacklabs","bsc","9728755","0xa79Fe386B88FBee6e492EEb76Ec48517d1eC759a","shanghai"
"sushimiso","defihacklabs","mainnet","13038771","0x4c4564a1FE775D97297F9e3Dc2e762e0Ed5Dda0e","shanghai"
"balancer_20200628","defihacklabs","mainnet","10355806","0x0e511Aa1a137AaD267dfe3a6bFCa0b856C1a3682",""
"mono","defihacklabs","mainnet","13715025","0xC36a7887786389405EA8DA0B87602Ae3902B88A1","shanghai"
"ploutoz","defihacklabs","bsc","12886415","0x844FA82f1E54824655470970F7004Dd90546bB28","shanghai"
"nervebridge","defihacklabs","bsc","12653565","0xd0fBF0A224563D5fFc8A57e4fdA6Ae080EbCf3D3","shanghai"
"indexedfinance","defihacklabs","mainnet","13417948","0xF00A38376C8668fC1f3Cd3dAeef42E0E44A7Fcdb","shanghai"
"visor","defihacklabs","mainnet","13849006","0xC9f27A50f82571C1C8423A42970613b8dBDA14ef","shanghai"
"julswap","defihacklabs","bsc","7785586","0x32dFFc3fE8E3EF3571bF8a72c0d0015C5373f41D","shanghai"
"pancakehunny","defihacklabs","bsc","7962338","0x109Ea28dbDea5E6ec126FbC8c33845DFe812a300","shanghai"
"valuedefi","defihacklabs","bsc","7223029","0xD4BBF439d3EAb5155Ca7c0537E583088fB4CFCe8","shanghai"
"tecraspace","defihacklabs","mainnet","14139081","0xE38B72d6595FD3885d1D2F770aa23E94757F91a1",""
"sandbox","defihacklabs","mainnet","14163041","0x50f5474724e0Ee42D9a4e711ccFB275809Fd6d4a",""
"compoundtusd","defihacklabs","mainnet","14266479","0x12392F67bdf24faE0AF363c24aC620a2f67DAd86",""
"bearn","defihacklabs","bsc","7457124","0xB390B07fcF76678089cb12d8E615d5Fe494b01Fb","shanghai"
"anyswap","defihacklabs","mainnet","14037236","0x6b7a87899490EcE95443e979cA9485CBE7E71522",""
"auctus","defihacklabs","mainnet","14460635","0xE7597F774fD0a15A617894dc39d45A28B97AFa4f",""
"paraluni","defihacklabs","bsc","16008280","0x633Fa755a83B015cCcDc451F82C57EA0Bd32b4B4",""
"qubit","defihacklabs","mainnet","14090169","0x20E5E35ba29dC3B540a1aee781D0814D5c77Bce6",""
"revest","defihacklabs","mainnet","14465356","0x2320A28f52334d62622cc2EaFa15DE55F9987eD9",""
"umbrella","defihacklabs","mainnet","14421983","0xB3FB1D01B07A706736Ca175f827e4F56021b85dE",""
"cream_2","defihacklabs","mainnet","13499797","0x3d5BC3c8d13dcB8bF317092d84783c2697AE9258","shanghai"
"akutarnft","defihacklabs","mainnet","14636844","0xF42c318dbfBaab0EEE040279C6a2588Fa01a961d",""
"rikkei","defihacklabs","bsc","16956474","0xD55f01B4B51B7F48912cD8Ca3CDD8070A1a9DBa5",""
"gym_1","defihacklabs","bsc","16798806","0x1BEfe6f3f0E8edd2D4D15Cae97BAEe01E51ea4A4",""
"cftoken","defihacklabs","bsc","16841980","0x8B7218CF6Ac641382D7C723dE8aA173e98a80196",""
"rari","defihacklabs","mainnet","14684813","0x3f2D1BC6D02522dbcdb216b2e75eDDdAFE04B16F",""
"wdoge","defihacklabs","bsc","17248705","0x46bA8a59f4863Bd20a066Fd985B163235425B5F9",""
"zeed","defihacklabs","bsc","17132514","0xe7748FCe1D1e2f2Fd2dDdB5074bD074745dDa8Ea",""
"bayc_apecoin","defihacklabs","mainnet","14403948","0x025C6da5BD0e6A5dd1350fda9e3B6a614B205a1F",""
"saddle","defihacklabs","mainnet","14684306","0x824dcD7b044D60df2e89B1bB888e66D8BCf41491",""
"discover","defihacklabs","bsc","18446845","0xe732a7bD6706CBD6834B300D7c56a8D2096723A7",""
"hackdao","defihacklabs","bsc","18073756","0x94e06c77b02Ade8341489Ab9A23451F68c13eC1C",""
"inversefinance","defihacklabs","mainnet","14972418","0x7Fcb7DAC61eE35b3D4a51117A7c58D53f0a8a670",""
"gym_2","defihacklabs","bsc","18501049","0xA8987285E100A8b557F06A7889F79E0064b359f2",""
"flippazone","defihacklabs","mainnet","15083765","0xE85A08Cf316F695eBE7c13736C8Cc38a7Cc3e944",""
"lpc","defihacklabs","bsc","19852596","0x1E813fA05739Bf145c1F182CB950dA7af046778d",""
"spacegodzilla","defihacklabs","bsc","19523980","0x2287C04a15bb11ad1358BA5702C1C95E2D13a5E0",""
"snood","defihacklabs","mainnet","14983660","0xD45740aB9ec920bEdBD9BAb2E863519E59731941",""
"anch","defihacklabs","bsc","20302534","0xA4f5d4aFd6b9226b3004dD276A9F778EB75f2e9e",""
"audius","defihacklabs","mainnet","15201793","0x4DEcA517D6817B6510798b7328F2314d3003AbAC",""
"etnproduct","defihacklabs","bsc","20147974","0x1292267f726e6F313972ec4e14578735473e1649",""
"ddc","defihacklabs","bsc","20840079","0x443195AA3a4357242a7427Fc8ce5f20c1E71fcB1",""
"luckytiger","defihacklabs","mainnet","15403430","0x9c87A5726e98F2f404cdd8ac8968E9b2C80C0967",""
"egd_finance","defihacklabs","bsc","20245522","0x34Bd6Dba456Bc31c2b3393e499fa10bED32a9370",""
"badguysbyrpf","defihacklabs","mainnet","15460093","0xB84CBAF116eb90fD445Dd5AeAdfab3e807D2CBaC",""
"xst_2","defihacklabs","mainnet","15310016","0x91383A15C391c142b80045D8b4730C1c37ac0378",""
"nomadbridge","defihacklabs","mainnet","15259100","0x5D94309E5a0090b165FA4181519701637B6DAEBA",""
"bxh","defihacklabs","bsc","21727289","0x27539B1DEe647b38e1B987c41C5336b1A8DcE663",""
"dpc","defihacklabs","bsc","21179209","0xB75cA3C3e99747d0e2F6e75A9fBD17F5Ac03cebE",""
"shadowfi","defihacklabs","bsc","20969095","0x10bc28d2810dD462E16facfF18f78783e859351b",""
"atk","defihacklabs","bsc","22102838","0x9cB928Bf50ED220aC8f703bce35BE5ce7F56C99c",""
"bego","defihacklabs","bsc","22315679","0xc342774492b54ce5F8ac662113ED702Fc1b34972",""
"babyswap","defihacklabs","bsc","21811979","0x5c9f1A9CeD41cCC5DcecDa5AFC317b72f1e49636",""
"roi","defihacklabs","bsc","21143795","0xE48b75dc1b131fd3A8364b0580f76eFD04cF6e9c",""
"thb","defihacklabs","bsc","21785004","0xae191Ca19F0f8E21d754c6CAb99107eD62B6fe53",""
"carrot","defihacklabs","bsc","22055611","0xcFF086EaD392CcB39C49eCda8C974ad5238452aC",""
"eflevervault","defihacklabs","mainnet","15746199","0xe39fd820B58f83205Db1D9225f28105971c3D309",""
"health","defihacklabs","bsc","22337425","0x32B166e082993Af6598a89397E82e123ca44e74E",""
"hpay","defihacklabs","bsc","22280853","0xE9bc03Ef08E991a99F1bd095a8590499931DcC30",""
"n00d","defihacklabs","mainnet","15826379","0x2321537fd8EF4644BacDCEec54E5F35bf44311fA",""
"inuko","defihacklabs","bsc","22169169","0xEa51801b8F5B88543DdaD3D1727400c15b209D8f",""
"pltd","defihacklabs","bsc","22252045","0x29b2525e11BC0B0E9E59f705F318601eA6756645",""
"olympusdao","defihacklabs","mainnet","15794363","0x007FE7c498A2Cf30971ad8f2cbC36bd14Ac51156",""
"res","defihacklabs","bsc","21948016","0xecCD8B08Ac3B587B7175D40Fb9C60a20990F8D21",""
"rl","defihacklabs","bsc","21794289","0x335ddcE3f07b0bdaFc03F56c1b30D3b269366666",""
"res_2","defihacklabs","bsc","21948016","0xecCD8B08Ac3B587B7175D40Fb9C60a20990F8D21",""
"uerii","defihacklabs","mainnet","15767837","0x418C24191aE947A78C99fDc0e45a1f96Afb254BE",""
"templedao","defihacklabs","mainnet","15725066","0xd2869042E12a3506100af1D192b5b04D65137941",""
"vtf","defihacklabs","bsc","22535101","0xc6548caF18e20F88cC437a52B6D388b0D54d830D",""
"ulme","defihacklabs","bsc","22476695","0xAE975a25646E6eB859615d0A147B909c13D31FEd",""
"teamfinance","defihacklabs","mainnet","15837893","0xE2fE530C047f2d85298b07D9333C05737f1435fB",""
"ulme_2","defihacklabs","bsc","22476695","0xAE975a25646E6eB859615d0A147B909c13D31FEd",""
"aur","defihacklabs","bsc","23282134","0x70678291bDDfd95498d1214BE368e19e882f7614",""
"annex","defihacklabs","bsc","23165446","0xe65E970F065643bA80E5822edfF483A1d75263E3",""
"xavefinance","defihacklabs","mainnet","15704736","0x8f9036732b9aa9b82D8F35e54B71faeb2f573E2F",""
"bdex","defihacklabs","bsc","22629431","0xB2B1DC3204ee8899d6575F419e72B53E370F6B20",""
"kashi","defihacklabs","mainnet","15928289","0xbb02A884621FB8F5BFd263A67F58B65df5b090f3",""
"mbc_zzsh","defihacklabs","bsc","23474460","0x4E87880A72f6896E7e0a635A5838fFc89b13bd17",""
"brahtopg","defihacklabs","mainnet","15933794","0xD248B30A3207A766d318C7A87F5Cf334A439446D",""
"num","defihacklabs","mainnet","16029969","0x765277EebeCA2e31912C9946eAe1021199B39C61",""
"sdao","defihacklabs","bsc","23241440","0x6666625Ab26131B490E7015333F97306F05Bf816",""
"dfx","defihacklabs","mainnet","15941703","0x46161158b1947D9149E066d6d31AF1283b2d377C",""
"moocakectx","defihacklabs","bsc","22832427","0x489afbAED0Ea796712c9A6d366C16CA3876D8184",""
"sheepfarm2","defihacklabs","bsc","23089184","0x4726010da871f4b57b5031E3EA48Bde961F122aA",""
"seaman","defihacklabs","bsc","23467515","0x6bc9b4976ba6f8C9574326375204eE469993D038",""
"aes","defihacklabs","bsc","23695904","0xdDc0CFF76bcC0ee14c3e73aF630C029fe020F907",""
"sheepfarm","defihacklabs","bsc","23088156","0x4726010da871f4b57b5031E3EA48Bde961F122aA",""
"uearnpool","defihacklabs","bsc","23120167","0x02D841B976298DCd37ed6cC59f75D9Dd39A3690c",""
"jay","defihacklabs","mainnet","16288199","0xf2919D1D80Aff2940274014bef534f7791906FF2",""
"dfs","defihacklabs","bsc","24349821","0x2B806e6D78D8111dd09C58943B9855910baDe005",""
"bgld","defihacklabs","bsc","23844529","0xE445654F3797c5Ee36406dBe88FBAA0DfbdDB2Bb",""
"rubic","defihacklabs","mainnet","16260580","0x3335A88bb18fD3b6824b59Af62b50CE494143333",""
"tifi","defihacklabs","bsc","23778726","0x8A6F7834A9d60090668F5db33FEC353a7Fb4704B",""
"qixi","defihacklabs","bsc","20120884","0x65F11B2de17c4af7A8f70858D6CcB63AAC215697",""
"xcarnival","defihacklabs","mainnet","15028846","0x39360AC1239a0b98Cb8076d4135d0F72B7fd9909",""
"novo","defihacklabs","bsc","18225002","0x6Fb2020C236BBD5a7DDEb07E14c9298642253333",""
"xst","defihacklabs","mainnet","15310016","0xb276647E70CB3b81a1cA302Cf8DE280fF0cE5799",""
"bbox","defihacklabs","bsc","23106506","0x5DfC7f3EbBB9Cbfe89bc3FB70f750Ee229a59F8c",""
"nmbplatform","defihacklabs","bsc","23639507","0x3aA2B9de4ce397d93E11699C3f07B769b210bBD5",""
"rfb","defihacklabs","bsc","23649423","0x26f1457f067bF26881F311833391b52cA871a4b5",""
"shoco","defihacklabs","mainnet","16440978","0x31A4F372AA891B46bA44dC64Be1d8947c889E9c6","shanghai"
"qtn","defihacklabs","mainnet","16430212","0xC9fa8F4CFd11559b50c5C7F6672B9eEa2757e1bd","shanghai"
"tinu","defihacklabs","mainnet","16489408","0x2d0E64B6bF13660a4c0De42a0B88144a7C10991F","shanghai"
"bra","defihacklabs","bsc","24655771","0x449FEA37d339a11EfE1B181e5D5462464bBa3752","shanghai"
"bevo","defihacklabs","bsc","25230702","0xc6Cb12df4520B7Bf83f64C79c585b8462e18B6Aa","shanghai"
"omniestate","defihacklabs","bsc","24850696","0x6f40A3d0c89cFfdC8A1af212A019C220A295E9bB","shanghai"
"gds","defihacklabs","bsc","24449918","0xC1Bb12560468fb255A8e8431BDF883CC4cB3d278","shanghai"
"ufdao","defihacklabs","bsc","24705058","0xf887A2DaC0DD432997C970BCE597A94EaD4A8c25","shanghai"
"upswing","defihacklabs","mainnet","16433820","0x35a254223960c18B69C0526c46B013D022E93902","shanghai"
"roefinance","defihacklabs","mainnet","16384469","0x5F360c6b7B25DfBfA4F10039ea0F7ecfB9B02E60","shanghai"
"efvault","defihacklabs","mainnet","16696239","0xBDB515028A6fA6CD1634B5A9651184494aBfD336","shanghai"
"fdp","defihacklabs","bsc","25430418","0x1954b6bd198c29c3ecF2D6F6bc70A4D41eA1CC07","shanghai"
"dexible","defihacklabs","mainnet","16646022","0xDE62E1b0edAa55aAc5ffBE21984D321706418024","shanghai"
"dyna","defihacklabs","bsc","25879486","0xa7B5eabC3Ee82c585f5F4ccC26b81c3Bd62Ff3a9","shanghai"
"revertfinance","defihacklabs","mainnet","16653389","0x531110418d8591C92e9cBBFC722Db8FFb604FAFD","shanghai"
"starlink","defihacklabs","bsc","25729304","0x518281F34dbf5B76e6cdd3908a6972E8EC49e345","shanghai"
"bigfi","defihacklabs","bsc","26685503","0xd3d4B46Db01C006Fb165879f343fc13174a1cEeB","shanghai"
"sheep","defihacklabs","bsc","25543755","0x0025B42bfc22CbbA6c02d23d4Ec2aBFcf6E014d4","shanghai"
"orion","defihacklabs","mainnet","16542147","0xb5599f568D3f3e6113B286d010d2BCa40A7745AA","shanghai"
"poolz","defihacklabs","bsc","26475403","0x8BfAA473a899439d8E07BF86a8C6cE5De42fE54B","shanghai"
"allbridge","defihacklabs","bsc","26982067","0x7E6c2522fEE4E74A0182B9C6159048361BC3260A","shanghai"
"dbw","defihacklabs","bsc","26745691","0xBF5BAea5113e9EB7009a6680747F2c7569dfC2D6","shanghai"
"axioma","defihacklabs","bsc","27620320","0x2C25aEe99ED08A61e7407A5674BC2d1A72B5D8E3","shanghai"
"olife","defihacklabs","bsc","27470678","0xb5a0Ce3Acd6eC557d39aFDcbC93B07a1e1a9e3fa","shanghai"
"sushi_router","defihacklabs","mainnet","17007841","0x044b75f554b886A065b9567891e45c79542d7357","shanghai"
"safemoon","defihacklabs","bsc","26854757","0x42981d0bfbAf196529376EE702F2a9Eb9092fcB5","shanghai"
"swapos","defihacklabs","mainnet","17057419","0x8ce2F9286F50FbE2464BFd881FAb8eFFc8Dc584f","shanghai"
"yearnfinance","defihacklabs","mainnet","17036774","0x83f798e925BcD4017Eb265844FDDAbb448f1707D","shanghai"
"babydogecoin","defihacklabs","bsc","28593354","0xc748673057861a797275CD8A068AbB95A902e8de","shanghai"
"silo_finance","defihacklabs","mainnet","17139470","0xcB3B879aB11F825885d5aDD8Bf3672596d35197C","shanghai"
"bitpaidio","defihacklabs","bsc","28176675","0x9D6d817ea5d4A69fF4C4509bea8F9b2534Cec108","shanghai"
"fapen","defihacklabs","bsc","28637846","0xf3F1aBae8BfeCA054B330C379794A7bf84988228","shanghai"
"erc20tokenbank","defihacklabs","mainnet","17376906","0x765b8d7Cd8FF304f796f4B6fb1BCf78698333f6D","shanghai"
"cs","defihacklabs","bsc","28466976","0x8BC6Ce23E5e2c4f0A96429E3C9d482d74171215e","shanghai"
"hodlcapital","defihacklabs","mainnet","17220892","0xEdA47E13fD1192E32226753dC2261C4A14908fb7","shanghai"
"melo","defihacklabs","bsc","27960445","0x9A1aEF8C9ADA4224aD774aFdaC07C24955C92a54","shanghai"
"lw","defihacklabs","bsc","28133285","0x7B8C378df8650373d82CeB1085a18FE34031784F","shanghai"
"multichaincapital","defihacklabs","mainnet","17221445","0x1a7981D87E3b6a95c1516EB820E223fE979896b3","shanghai"
"level","defihacklabs","bsc","27830139","0x977087422C008233615b572fBC3F209Ed300063a","shanghai"
"sellc02","defihacklabs","bsc","28187317","0xeaF83465025b4Bf9020fdF9ea5fB6e71dC8a0779","shanghai"
"neverfall","defihacklabs","bsc","27863177","0x5ABDe8B434133C98c36F4B21476791D95D888bF5","shanghai"
"sellc","defihacklabs","bsc","28092673","0x274b3e185c9c8f4ddEF79cb9A8dC0D94f73A7675","shanghai"
"selltoken","defihacklabs","bsc","28168034","0x57Db19127617B77c8abd9420b5a35502b59870D6","shanghai"
"snk","defihacklabs","bsc","27784455","0xA3f5ea945c4970f48E322f1e70F4CC08e70039ee","shanghai"
"bunn","defihacklabs","bsc","29304627","0xc54AAecF5fA1b6c007d019a9d14dFb4a77CC3039","shanghai"
"babydogecoin02","defihacklabs","bsc","29295010","0xc748673057861a797275CD8A068AbB95A902e8de","shanghai"
"compounderfinance","defihacklabs","mainnet","17426064","0xaf274e912243b19B882f02d731dacd7CD13072D0","shanghai"
"cellframe","defihacklabs","bsc","28708273","0xB4E47c13dB187D54839cd1E08422Af57E5348fc1","shanghai"
"biswap","defihacklabs","bsc","29554461","0x839b0AFD0a0528ea184448E890cbaAFFD99C1dbf","shanghai"
"ddcoin","defihacklabs","bsc","28714107","0xb3a636ac4c271e6CD962caD98Eae9Cf71f5A49c8","shanghai"
"mimspell","defihacklabs","mainnet","17521638","0xa5564a2d1190a141CAC438c9fde686aC48a18A79","shanghai"
"myai","defihacklabs","bsc","29554343","0xDb103fd28Ca4B18115F5Ce908baaeed7E0f1f101","shanghai"
"pawnfi","defihacklabs","mainnet","17496619","0x85018CF6F53c8bbD03c3137E71F4FCa226cDa92C","shanghai"
"sellc03","defihacklabs","bsc","29005754","0x84Be9475051a08ee5364fBA44De7FE83a5eCC4f1","shanghai"
"depusdt_levusdc","defihacklabs","mainnet","17484161","0x7b190a928Aa76EeCE5Cb3E0f6b3BdB24fcDd9b4f","shanghai"
"shido_2","defihacklabs","bsc","29365171","0xaF0CA21363219C8f3D8050E7B61Bb5f04e02F8D4","shanghai"
"un","defihacklabs","bsc","28864173","0xFeAFe253802b77456B4627F8c2306a9CeBb5d681","shanghai"
"vinu","defihacklabs","mainnet","17421006","0xF7ef0D57277ad6C2baBf87aB64bA61AbDd2590D2","shanghai"
"sturdy","defihacklabs","mainnet","17460609","0x9f72DC67ceC672bB99e3d02CbEA0a21536a2b657","shanghai"
"bno","defihacklabs","bsc","30056629","0xdCA503449899d5649D32175a255A8835A03E4006","shanghai"
"apedao","defihacklabs","bsc","30072293","0xB47955B5B7EAF49C815EBc389850eb576C460092","shanghai"
"bamboo","defihacklabs","bsc","29668034","0xED56784bC8F2C036f6b0D8E04Cb83C253e4a6A94","shanghai"
"conic02","defihacklabs","mainnet","17743470","0x369cBC5C6f139B1132D3B91B87241B37Fc5B971f","shanghai"
"bao","defihacklabs","mainnet","17620870","0xb0f8Fe96b4880adBdEDE0dDF446bd1e7EF122C4e","shanghai"
"conic","defihacklabs","mainnet","17740954","0xBb787d6243a8D450659E09ea6fD82F1C859691e9","shanghai"
"conic_2","defihacklabs","mainnet","17740954","0xBb787d6243a8D450659E09ea6fD82F1C859691e9","shanghai"
"gymnet","defihacklabs","bsc","30448986","0x6b869795937DD2B6F4E03d5A0Ffd07A8AD8c095B","shanghai"
"ffist","defihacklabs","bsc","30113117","0x80121DA952A74c06adc1d7f85A237089b57AF347","shanghai"
"mintofinance","defihacklabs","bsc","30214253","0xDbF1C56b2aD121Fe705f9b68225378aa6784f3e5","shanghai"
"newfi","defihacklabs","bsc","30043573","0xB8dC09Eec82CaB2E86C7EdC8DD5882dd92d22411","shanghai"
"usdtstakingcontract28","defihacklabs","mainnet","17696562","0x800cfD4A2ba8CE93eA2cc814Fce26c3635169017","shanghai"
"utopia","defihacklabs","bsc","30119396","0xb1da08C472567eb0EC19639b1822F578d39F3333","shanghai"
"palmswap","defihacklabs","bsc","30248637","0xd990094A611c3De34664dd3664ebf979A1230FC1","shanghai"
"sut","defihacklabs","bsc","30165901","0xF075c5C7BA59208c0B9c41afcCd1f60da9EC9c37","shanghai"
"wgpt","defihacklabs","bsc","29891709","0x1f415255f7E2a8546559a553E962dE7BC60d7942","shanghai"
"btc20","defihacklabs","mainnet","17949214","0x1F006F43f57C45Ceb3659E543352b4FAe4662dF7","shanghai"
"ehive","defihacklabs","mainnet","17690497","0x4Ae2Cd1F5B8806a973953B76f9Ce6d5FAB9cdcfd","shanghai"
"balancer","defihacklabs","mainnet","18004651","0x9210F1204b5a24742Eba12f710636D76240dF3d0","shanghai"
"eac","defihacklabs","bsc","31273018","0x64f291DE10eCd36D5f7b64aaEbC70943CFACE28E","shanghai"
"earningfram","defihacklabs","mainnet","17875885","0x863e572B215Fd67C855d973F870266cF827AEa5e","shanghai"
"leetswap","defihacklabs","base","2031746","0x94dAC4a3Ce998143aa119c05460731dA80ad90cf","shanghai"
"uwerx","defihacklabs","mainnet","17826202","0x4306B12F8e824cE1fa9604BbD88f2AD4f0FE3c54","shanghai"
"bfctoken","defihacklabs","bsc","31599443","0x595eac4A0CE9b7175a99094680fbe55A774B5464","shanghai"
"floordao","defihacklabs","mainnet","18068772","0x759c6De5bcA9ADE8A1a2719a31553c4B7DE02539","shanghai"
"heavensgate","defihacklabs","mainnet","18069527","0x8EBd6c7D2B79CA4Dc5FBdEc239a8Bb0F214212b8","shanghai"
"kub_split","defihacklabs","bsc","32021099","0xc98E183D2e975F0567115CB13AF893F0E3c0d0bD","shanghai"
"jumpfarm","defihacklabs","mainnet","18070346","0x05999eB831ae28Ca920cE645A5164fbdB1D74Fe9","shanghai"
"quantumwn","defihacklabs","mainnet","18070348","0x69422c7F237D70FCd55C218568a67d00dc4ea068","shanghai"
"uniclynft","defihacklabs","mainnet","18133171","0xd3C41c85bE295607E8EA5c58487eC5894300ee67","shanghai"
"bh","defihacklabs","bsc","32512073","0xCC61CC9F2632314c9d452acA79104DDf680952b5","shanghai"
"depayrouter","defihacklabs","mainnet","18281129","0xae60aC8e69414C2Dc362D0e6a03af643d1D85b92","shanghai"
"astrid","defihacklabs","mainnet","18448167","0xbAa87546cF87b5De1b0b52353A86792D40b8BA70","shanghai"
"hopelend","defihacklabs","mainnet","18377041","0x53FbcADa1201A465740F2d64eCdF6FAC425f9030","shanghai"
"openleverage","defihacklabs","bsc","32820951","0x7bACB1c805CbbF7c4f74556a4B34FDE7793d0887","shanghai"
"zs","defihacklabs","bsc","32429591","0x12b3B6b1055B8Ad1aE8F60a0B6C79A9825Bcb4bC","shanghai"
"wiselending","defihacklabs","mainnet","18342120","0x84524bAa1951247b3A2617A843e6eCe915Bb9674","shanghai"
"pseudoeth","defihacklabs","mainnet","18305131","0x2033B54B6789a963A02BfCbd40A46816770f1161","shanghai"
"ktaf","defihacklabs","mainnet","18385885","0xf5140fC35C6f94D02d7466f793fEB0216082d7E5","shanghai"
"3913","defihacklabs","bsc","33132467","0xd74F28c6E0E2c09881Ef2d9445F158833c174775","shanghai"
"burntbubba","defihacklabs","mainnet","18680254","0xa44e79a2c9a8965e7A6FA77BF0ca8FAF50e6C73E","shanghai"
"fiberrouter","defihacklabs","bsc","33874498","0x4826e896E39DC96A8504588D21e9D44750435e2D","shanghai"
"carolprotocol","defihacklabs","base","7246080","0x26fe408BbD7A490fEB056DA8e2D1e007938E5685","shanghai"
"ehx","defihacklabs","bsc","33503911","0xe1747a23C44f445062078e3C528c9F4c28C50a51","shanghai"
"mahalend","defihacklabs","mainnet","18544604","0xfD11AbA71c06061F446ADe4eec057179F19C23C4","shanghai"
"swampfinance","defihacklabs","bsc","33112358","0x33AdBf5f1ec364a4ea3a5CA8f310B597B8aFDee3","shanghai"
"raft","defihacklabs","mainnet","18543485","0x9AB6b21cDF116f611110b048987E58894786C244","shanghai"
"rbalancer","defihacklabs","mainnet","18523440","0xA62F9C5af106FeEE069F38dE51098D9d81B90572","shanghai"
"shibatoken","defihacklabs","bsc","33528882","0x13B1F2E227cA6f8e08aC80368fd637f5084F10a5","shanghai"
"weco","defihacklabs","bsc","33549937","0xd672b766D66662F5C6fd798a999e1193a7945451","shanghai"
"thenftv2","defihacklabs","mainnet","18647450","0x79a7D3559D73EA032120A69E59223d4375DEb595","shanghai"
"onyxprotocol","defihacklabs","mainnet","18476512","0x5FdBcD61bC9bd4B6D3FD1F49a5D253165Ea11750","shanghai"
"bct","defihacklabs","bsc","34204709","0x88b3EB62e363d9f153BeAb49c5C2EF2E785a375a","shanghai"
"trustpad","defihacklabs","bsc","33260104","0xE613c058701C768E0d04D1bf8e6a6dc1a0C6d48A","shanghai"
"grok","defihacklabs","mainnet","18538678","0x8390a1DA07E376ef7aDd4Be859BA74Fb83aA02D5","shanghai"
"goodcompound","defihacklabs","mainnet","18759540","0x3d9819210A31b4961b30EF54bE2aeD79B9c9Cd3B","shanghai"
"bearndao","defihacklabs","bsc","34099688","0x21125d94Cfe886e7179c8D2fE8c1EA8D57C73E0e","shanghai"
"hypr","defihacklabs","mainnet","18774584","0x40C31236B228935b0329eFF066B1AD96e319595e","shanghai"
"floorprotocol","defihacklabs","mainnet","18802287","0x49AD262C49C7aA708Cc2DF262eD53B64A17Dd5EE","shanghai"
"xai","defihacklabs","bsc","33503556","0x570Ce7b89c67200721406525e1848bca6fF5A6F3","shanghai"
"mamo","defihacklabs","bsc","34083188","0x5813d7818c9d8F29A9a96B00031ef576E892DEf4","shanghai"
"gooddollar","defihacklabs","mainnet","18802014","0x0c6C80D2061afA35E160F3799411d83BDEEA0a5A","shanghai"
"kest","defihacklabs","bsc","34402343","0x7dda132dd57b773a94E27c5CAA97834A73510429","shanghai"
"nfttrader","defihacklabs","mainnet","18799414","0xC310e760778ECBca4C65B6C559874757A4c4Ece0","shanghai"
"pineprotocol","defihacklabs","mainnet","18835344","0x2405913d54fC46eEAF3Fb092BfB099F46803872f","shanghai"
"cfc","defihacklabs","bsc","29116478","0xdd9B223AEC6ea56567A62f21Ff89585ff125632c","shanghai"
"shido","defihacklabs","bsc","29365171","0xaF0CA21363219C8f3D8050E7B61Bb5f04e02F8D4","shanghai"
"paraspace","defihacklabs","mainnet","16845558","0x638a98BBB92a7582d07C52ff407D49664DC8b3Ee","shanghai"
"allbridge_2","defihacklabs","bsc","26982067","0x179aaD597399B9ae078acFE2B746C09117799ca0","shanghai"
"lusd","defihacklabs","bsc","29756866","0xdeC12a1dCbC1F741cCD02dFd862ab226F6383003","shanghai"
"gss","defihacklabs","bsc","31108558","0x37e42B961AE37883BAc2fC29207A5F88eFa5db66","shanghai"
"xsdwethpool","defihacklabs","bsc","32086900","0xfADDa925e10d07430f5d7461689fd90d3D81bB48","shanghai"
"laeeb","defihacklabs","bsc","33053187","0xa2B8A15A07385EA933088c6bcBB38B84c1051a58","shanghai"
"ais","defihacklabs","bsc","33916687","0x6844Ef18012A383c14E9a76a93602616EE9d6132","shanghai"
"hct","defihacklabs","bsc","31528197","0x0FDfcfc398Ccc90124a0a41d920d6e2d0bD8CcF5","shanghai"
"lqdx_alert","defihacklabs","mainnet","19165893","0x364f17A23AE4350319b7491224d10dF5796190bC","shanghai"
"bmizapper","defihacklabs","mainnet","19029289","0x4622aFF8E521A444C9301dA0efD05f6b482221b8","shanghai"
"mic","defihacklabs","bsc","34905161","0xb38C2D2d6A168D41AA8eB4CEAd47E01BadbDCF57","shanghai"
"barleyfinance","defihacklabs","mainnet","19106654","0x04c80Bb477890F3021F03B068238836Ee20aA0b8","shanghai"
"mimspell2","defihacklabs","mainnet","19118659","0x7259e152103756e1616A77Ae982353c3751A6a90","shanghai"
"peapodsfinance","defihacklabs","mainnet","19109652","0xdbB20A979a92ccCcE15229e41c9B082D5b5d7E31","shanghai"
"wiselending02","defihacklabs","mainnet","18983652","0x37e49bf3749513A02FA535F0CbC383796E8107E4","shanghai"
"socketgateway","defihacklabs","mainnet","19021453","0xCC5fDA5e3cA925bd0bb428C8b2669496eE43067e","shanghai"
"wiselending03","defihacklabs","mainnet","18992907","0x37e49bf3749513A02FA535F0CbC383796E8107E4","shanghai"
"xsij","defihacklabs","bsc","35702095","0x31bfA137C76561ef848c2af9Ca301b60451CaAC0","shanghai"
"adc","defihacklabs","mainnet","19138640","0xdE46fcF6aB7559E4355b8eE3D7fBa0f2730CDdd8","shanghai"
"affinedefi","defihacklabs","mainnet","19132934","0xcd6ca2f0d0c182C5049D9A1F65cDe51A706ae142","shanghai"
"compounduni","defihacklabs","mainnet","19290920","0x50ce56A3239671Ab62f185704Caedf626352741e","shanghai"
"burnsdefi","defihacklabs","bsc","35858189","0x4fb9657Ac5d311dD54B37A75cFB873b127Eb21FD","shanghai"
"bob","defihacklabs","bsc","34428627","0x700eE24c350739e323Dcf6A50Ae3E7A3329C86aE","shanghai"
"blueberryprotocol","defihacklabs","mainnet","19287288","0xfFadB0bbA4379dFAbFB20CA6823F6EC439429ec2","shanghai"
"deeznutz404","defihacklabs","mainnet","19277802","0xb57E874082417b66877429481473CF9FCd8e0b8a","shanghai"
"bzx2","defihacklabs","mainnet","18695728","0x7F3Fe9D492A9a60aEBb06d82cBa23c6F32CAd10b","shanghai"
"game","defihacklabs","mainnet","19213946","0x52d69c67536f55EfEfe02941868e5e762538dBD6","shanghai"
"dualpools","defihacklabs","bsc","36145771","0x5E5e28029eF37fC97ffb763C4aC1F532bbD4C7A2","shanghai"
"miner_bsc","defihacklabs","bsc","36111182","0x2BA9d4a8C41C60B71ff7Df2c3F54B008644b954e","shanghai"
"particletrade","defihacklabs","mainnet","19231445","0xE4764f9cd8ECc9659d3abf35259638B20ac536E4","shanghai"
"pandora","defihacklabs","mainnet","19184577","0xddaDF1bf44363D07E750C20219C2347Ed7D826b9","shanghai"
"ruggedart","defihacklabs","mainnet","19262233","0xFe380fe1DB07e531E3519b9AE3EA9f7888CE20C6","shanghai"
"miner","defihacklabs","mainnet","19226507","0xE77EC1bF3A5C95bFe3be7BDbACfe3ac1c7E454CD","shanghai"
"seneca","defihacklabs","mainnet","19325936","0x65c210c59B43EB68112b7a4f75C8393C36491F06","shanghai"
"alp","defihacklabs","bsc","36727073","0xD188492217F09D18f2B0ecE3F8948015981e961a","shanghai"
"ethfin","defihacklabs","bsc","37400484","0x17Bd2E09fA4585c15749F40bb32a6e3dB58522bA","shanghai"
"ark","defihacklabs","bsc","37221235","0xde698B5BBb4A12DDf2261BbdF8e034af34399999","shanghai"
"bbt","defihacklabs","mainnet","19417822","0x3541499cda8CA51B24724Bb8e7Ce569727406E04","shanghai"
"binemon","defihacklabs","bsc","36864394","0xe56842Ed550Ff2794F010738554db45E60730371","shanghai"
"juice","defihacklabs","mainnet","19395636","0x8584DdbD1E28bCA4bc6Fb96baFe39f850301940e","shanghai"
"tgbs","defihacklabs","bsc","36725819","0xedecfA18CAE067b2489A2287784a543069f950F4","shanghai"
"atm","defihacklabs","bsc","37483300","0xa5957E0E2565dc93880da7be32AbCBdF55788888","shanghai"
"chaingefinance","defihacklabs","bsc","37880387","0x80a0D7A6FD2A22982Ce282933b384568E5c852bF","shanghai"
"fil314","defihacklabs","bsc","37795991","0xE8A290c6Fc6Fa6C0b79C9cfaE1878d195aeb59aF","shanghai"
"gfa","defihacklabs","bsc","37857763","0xbCbCb0e7E28414e084c4a40C1cCC30B75629a7DE","shanghai"
"hackathon","defihacklabs","bsc","37854043","0x11cee747Faaf0C0801075253ac28aB503C888888","shanghai"
"hoppyfrogerc","defihacklabs","mainnet","19570744","0xE5c6F5fEF89B64f36BfcCb063962820136bAc42F","shanghai"
"hedgeyfinance","defihacklabs","mainnet","19687889","0xBc452fdC8F851d7c5B72e1Fe74DFB63bb793D511","shanghai"
"ngfs","defihacklabs","bsc","38167372","0xa608985f5b40CDf6862bEC775207f84280a91E3A","shanghai"
"satx","defihacklabs","bsc","37914433","0xFd80a436dA2F4f4C42a5dBFA397064CfEB7D9508","shanghai"
"squid","defihacklabs","bsc","37672969","0xd309f0Fd5C3b90ecFb7024eDe7D329d9582492c5","shanghai"
"ups","defihacklabs","bsc","37680754","0x3dA4828640aD831F3301A4597821Cc3461B06678","shanghai"
"openleverage2","defihacklabs","bsc","37470328","0xF436F8FE7B26D87eb74e5446aCEc2e8aD4075E47","shanghai"
"wsm","defihacklabs","bsc","37569860","0xC0afd0E40Bb3DCAeBd9451aa5c319B745bF792B4","shanghai"
"z123","defihacklabs","bsc","38077210","0xb000f121A173D7Dd638bb080fEe669a2F3Af9760","shanghai"
"yiedl","defihacklabs","bsc","38126753","0x4eDda16AB4f4cc46b160aBC42763BA63885862a4","shanghai"
"burner","defihacklabs","mainnet","19917290","0x4d4d05e1205e3A412ae1469C99e0d954113aa76F","shanghai"
"excommunity","defihacklabs","bsc","39123756","0xdf4895Cd8247284Ae3a7b3E28cf6c03113fADa5f","shanghai"
"sumermoney","defihacklabs","base","13076768","0x7b5969bB51fa3B002579D7ee41A454AC691716DC","shanghai"
"metadragon","defihacklabs","bsc","39141426","0xEF1f39d8391cdDcaee62b8b383cB992F46a6ce4f","shanghai"
"gpu","defihacklabs","bsc","38539572","0xf51CBf9F8E089Ca48e454EB79731037a405972ce","shanghai"
"liquiditytokens","defihacklabs","bsc","39198657","0x028c911C10c9E346158206991E02D09Bd0A8A35b","shanghai"
"redkeyscoin","defihacklabs","bsc","39079951","0x71e3056aa4985de9f5441f079E6C74454A3C95f0","shanghai"
"normie","defihacklabs","base","14952782","0x7F12d13B34F5F4f0a9449c16Bcd42f0da47AF200","shanghai"
"osn","defihacklabs","bsc","38474365","0x810f4C6AE97BCC66DA5Ae6383CC31BD3670f6d13","shanghai"
"tsuru","defihacklabs","base","14279784","0x75Ac62EA5D058A7F88f0C3a5F8f73195277c93dA","shanghai"
"crb2","defihacklabs","bsc","39651175","0xee6De822159765daf0Fd72d71529d7ab026ec2f2","shanghai"
"incufi","defihacklabs","bsc","39729927","0x80df77b2Ae5828FF499A735ee823D6CD7Cf95f5a","shanghai"
"ncd","defihacklabs","bsc","39253639","0x9601313572eCd84B6B42DBC3e47bc54f8177558E","shanghai"
"tradeonorion","defihacklabs","bsc","39104878","0xe9d1D2a27458378Dd6C6F0b2c390807AEd2217Ca","shanghai"
"dyson_money","defihacklabs","bsc","39684702","0x2b9BDa587ee04fe51C5431709afbafB295F94bB4","shanghai"
"steamswap","defihacklabs","bsc","39381373","0xb7D0A1aDaFA3e9e8D8e244C20B6277Bee17a09b6","shanghai"
"wifcoin_eth","defihacklabs","mainnet","20103189","0xA1cE40702E15d0417a6c74D0bAB96772F36F4E99","shanghai"
"jokinthebox","defihacklabs","mainnet","20054628","0xA6447f6156EFfD23EC3b57d5edD978349E4e192d","cancun"
"minestm","defihacklabs","bsc","39383149","0xb7D0A1aDaFA3e9e8D8e244C20B6277Bee17a09b6","shanghai"
"will","defihacklabs","bsc","39979796","0x566777eD780dbbe17c130AE97b9FbC0A3Ab829DF","shanghai"
"lifiprotocol","defihacklabs","mainnet","20318962","0x1231DEB6f5749EF6cE6943a275A1D3E7486F4EaE","shanghai"
"uwulend_first","defihacklabs","mainnet","20061318","0x2409aF0251DCB89EE3Dee572629291f9B087c668","shanghai"
"lw2","defihacklabs","bsc","40287544","0xABC6e5a63689b8542dbDC4b4f39a7e00d4AC30c8","shanghai"
"uwulend_second","defihacklabs","mainnet","20081503","0x2409aF0251DCB89EE3Dee572629291f9B087c668","shanghai"
"doughfina","defihacklabs","mainnet","20288622","0x9f54e8eAa9658316Bb8006E03FFF1cb191AafBE6","shanghai"
"mrp","defihacklabs","bsc","40122169","0x35F5cEf517317694DF8c50C894080caA8c92AF7D","shanghai"
"defiplaza","defihacklabs","mainnet","20240538","0xE68c1d72340aEeFe5Be76eDa63AE2f4bc7514110","shanghai"
"sbt","defihacklabs","bsc","40378159","0x2b45DD1d909c01aAd96fa6b67108D691B432f351","shanghai"
"yodlrouter","defihacklabs","mainnet","20520368","0xE3A0bc3483AE5a04DB7eF2954315133a6F7D228E","shanghai"
"ompxcontract","defihacklabs","mainnet","20468779","0x09A80172ED7335660327cD664876b5df6FE06108","shanghai"
"ivestdao","defihacklabs","bsc","41289497","0x2607118D363789f841d952f02e359BFa483955f9","shanghai"
"spectra_finance","defihacklabs","mainnet","20369956","0x3d20601ac0Ba9CAE4564dDf7870825c505B69F1a","shanghai"
"zenterest","defihacklabs","mainnet","20541639","0xE3334e66634acF17B2b97ab560ec92D6861b25fa","shanghai"
"convergence","defihacklabs","mainnet","20434449","0x2b083beaaC310CC5E190B1d2507038CcB03E7606","cancun"
"bankroll","defihacklabs","bsc","42481610","0x564D4126AF2B195fFAa7fB470ED658b1D9D07A54","shanghai"
"caterpillar_coin_cut","defihacklabs","bsc","42131696","0x7057F3b0F4D0649B428F0D8378A8a0E7D21d36a7","shanghai"
"otseastaking","defihacklabs","mainnet","20738190","0xF2c8e860ca12Cde3F3195423eCf54427A4f30916","shanghai"
"bedrock_defi","defihacklabs","mainnet","20836583","0x047D41F2544B7F63A8e991aF2068a363d210d6Da","shanghai"
"aizpttoken","defihacklabs","bsc","42846997","0xBe779D420b7D573C08EEe226B9958737b6218888","shanghai"
"onyxdao","defihacklabs","mainnet","20834657","0xf10Bc5bE84640236C71173D1809038af4eE19002","shanghai"
"firetoken","defihacklabs","mainnet","20869374","0x18775475f50557b96C63E8bbf7D75bFeB412082D","shanghai"
"hydt","defihacklabs","bsc","42985310","0xA2268Fcc2FE7A2Bb755FbE5A7B3Ac346ddFeDB9B","cancun"
"sashatoken","defihacklabs","mainnet","20905301","0xD1456D1b9CEb59abD4423a49D40942a9485CeEF6","shanghai"
"morphoblue","defihacklabs","mainnet","20956051","0xBBBBBbbBBb9cC5e90e3b3Af64bdAF62C37EEFFCb","shanghai"
"penpiexyzio","defihacklabs","mainnet","20671877","0x6E799758CEE75DAe3d84e09D40dc416eCf713652","shanghai"
"vista","defihacklabs","bsc","43305237","0x493361D6164093936c86Dcb35Ad03b4C0D032076","cancun"
"labubu","defihacklabs","bsc","44751944","0x2fF960F1D9AF1A6368c2866f79080C1E0B253997","shanghai"
"pledge","defihacklabs","bsc","44555337","0x061944c0f3c2d7DABafB50813Efb05c4e0c952e1","shanghai"
"veth","defihacklabs","mainnet","21184777","0x280A8955A11FcD81D72bA1F99d265A48ce39aC2E","shanghai"
"gain","defihacklabs","mainnet","19277619","0xdE59b88abEFA5e6C8aA6D742EeE0f887Dab136ac","shanghai"
"it","defihacklabs","bsc","36934258","0x1AC5Fac863c0a026e029B173f2AE4D33938AB473","shanghai"
"cloberdex","defihacklabs","base","23514450","0x6A0b87D6b74F7D5C92722F6a11714DBeDa9F3895","cancun"
"98_token","defihacklabs","bsc","45462897","0xB040D88e61EA79a1289507d56938a6AD9955349C","shanghai"
"ast","defihacklabs","bsc","45964639","0xc10E0319337c7F83342424Df72e73a70A29579B2","shanghai"
"ipc","defihacklabs","bsc","45561315","0xEAb0d46682Ac707A06aEFB0aC72a91a3Fd6Fe5d1","shanghai"
"xbridge","defihacklabs","mainnet","19723700","0x47Ddb6A433B76117a98FBeAb5320D8b67D468e31","shanghai"
"idols_nft","defihacklabs","mainnet","21624138","0x439cac149B935AE1D726569800972E1669d17094","shanghai"
"j_pulsepot","defihacklabs","bsc","45640245","0x384b9fb6E42dab87F3023D87ea1575499A69998E","shanghai"
"lp_mine","defihacklabs","bsc","45583892","0x6BBeF6DF8db12667aE88519090984e4F871e5feb","shanghai"
"laura_token","defihacklabs","mainnet","21529887","0x05641e33fd15baf819729df55500b07b82eb8e89","shanghai"
"mosca2","defihacklabs","bsc","45722243","0xd8791F0C10B831B605C5D48959EB763B266940B9","shanghai"
"roulette_pot_v2","defihacklabs","bsc","45668285","0xf573748637E0576387289f1914627d716927F90f","shanghai"
"mosca","defihacklabs","bsc","45519929","0x1962b3356122d6A56f978e112d14f5E23a25037D","shanghai"
"unilend","defihacklabs","mainnet","21608003","0x4E34DD25Dbd367B1bF82E1B5527DBbE799fAD0d0","shanghai"
"sorra_staking","defihacklabs","mainnet","21450734","0x5d16b8Ba2a9a4ECA6126635a6FFbF05b52727d50","shanghai"
"hegic_options","defihacklabs","mainnet","21912408","0x7094E706E75E13D1E0ea237f71A7C4511e9d270B","shanghai"
"bbx_token","defihacklabs","bsc","47626456","0x67Ca347e7B9387af4E81c36cCA4eAF080dcB33E9","shanghai"
"alkimiya_io","defihacklabs","mainnet","22146339","0xf3F84cE038442aE4c4dCB6A8Ca8baCd7F28c9bDe","shanghai"
"dcf_token","defihacklabs","bsc","44290969","0xA7e92345ddF541Aa5CF60feE2a0e721C50Ca1adb","shanghai"
"h2o","defihacklabs","bsc","47454898","0xe9c4D4f095C7943a9ef5EC01AfD1385D011855A1","shanghai"
"one_inch_fusion_v1_settlement_hack","defihacklabs","mainnet","21982110","0xa88800cd213da5ae406ce248380802bd53b47647","shanghai"
"uni","defihacklabs","mainnet","21992033","0x76EA342BC038d665e8a116392c82552D2605edA1","shanghai"
"pump","defihacklabs","bsc","47169115","0x09762e00Ce0DE8211F7002F70759447B1F2b1892","shanghai"
"yzi_ai_token","defihacklabs","bsc","47838544","0x7fDfF64Bf87bad52e6430BDa30239bD182389Ee3","shanghai"
"btnft","defihacklabs","bsc","48472355","0x0FC91B6Fea2E7A827a8C99C91101ed36c638521B","shanghai"
"lifeprotocol","defihacklabs","bsc","48703545","0x42e2773508e2AE8fF9434BEA599812e28449e2Cd","shanghai"
"w_key_dao","defihacklabs","bsc","47469059","0xd511096a73292a7419a94354d4c1c73e8a3cd851","shanghai"
"irys_ai","defihacklabs","bsc","49994891","0x746727FC8212ED49510a2cB81ab0486Ee6954444","shanghai"
"krc_token_pair","defihacklabs","bsc","49875423","0xdbead75d3610209a093af1d46d5296bbeffd53f5","shanghai"
"ydt_token","defihacklabs","bsc","50273545","0x3612e4Cb34617bCac849Add27366D8D85C102eFd","shanghai"
"aave_boost","defihacklabs","mainnet","22685443","0xd2933c86216dC0c938FfAFEca3C8a2D6e633e2cA","shanghai"
"usual_money","defihacklabs","mainnet","22575929","0x35D8949372D46B7a3D5A56006AE77B215fc69bC0","shanghai"
"bankroll_network","defihacklabs","bsc","51715417","0xAdEfb902CaB716B8043c5231ae9A50b8b4eE7c4e","shanghai"
"bankroll_stack","defihacklabs","bsc","51698203","0x16d0a151297a0393915239373897bCc955882110","shanghai"
"gangsterfinance","defihacklabs","bsc","51782712","0xe968D2E4ADc89609773571301aBeC3399D163c3b","shanghai"
"gradient_maker_pool","defihacklabs","mainnet","22765113","0x37Ea5f691bCe8459C66fFceeb9cf34ffa32fdadC","shanghai"
"resupply_fi","defihacklabs","mainnet","22785460","0x6e90c85a495d54c6d7E1f3400FEF1f6e59f86bd6","shanghai"
"fpc","defihacklabs","bsc","52624700","0xB192D4A737430AA61CEA4Ce9bFb6432f7D42592F","shanghai"
"meta_pool","defihacklabs","mainnet","22722910","0x48AFbBd342F64EF8a9Ab1C143719b63C2AD81710","shanghai"
"multicall_with_eth","defihacklabs","bsc","55371342","0x3DA0F00d5c4E544924bC7282E18497C4A4c92046","shanghai"
"rant_token","defihacklabs","bsc","52974382","0xc321AC21A07B3d593B269AcdaCE69C3762CA2dd0","shanghai"
"swapp_staking","defihacklabs","mainnet","22957532","0x245a551ee0F55005e510B239c917fA34b41B3461","shanghai"
"stepp2p","defihacklabs","bsc","54653986","0x99855380E5f48Db0a6BABeAe312B80885a816DCe","shanghai"
"abcc_app","defihacklabs","bsc","58615054","0x1bC016C00F8d603c41A582d5Da745905B9D034e5","shanghai"
"grizzifi","defihacklabs","bsc","57478533","0x21ab8943380b752306abf4d49c203b011a89266b","shanghai"
"hexotic","defihacklabs","mainnet","23260640","0x204B937FEaEc333E9e6d72D35f1D131f187ECeA1","shanghai"
"multicall_with_xera","defihacklabs","bsc","58269337","0xcA11bde05977b3631167028862bE2a173976CA11","shanghai"
"pdz","defihacklabs","bsc","57744490","0x664201579057f50D23820d20558f4b61bd80BDda","shanghai"
"size_credit","defihacklabs","mainnet","23145763","0xf4a21ac7e51d17a0e1c8b59f7a98bb7a97806f14","shanghai"
"mim_spell3","defihacklabs","mainnet","23504544","0x46f54d434063e5F1a2b2CC6d9AAa657b1B9ff82c","shanghai"
"unibtc","defihacklabs","mainnet","20836583","0x047D41F2544B7F63A8e991aF2068a363d210d6Da","shanghai"