case,finding_id,severity,title,attempt,status,profit_wei,profit_token,timestamp
0xf340_find_validate_p8,F-001,Critical,Unrestricted `initVRF` lets arbitrary callers set the payout recipient and token,2,PASS,160000000000000000000,0x514910771AF9Ca656af840dff83E8264EcF986CA,2026-06-11T05:50:23.948920
0xf340_find_validate_p8,F-001,Critical,Unrestricted `initVRF` lets arbitrary callers set the payout recipient and token,3,PASS,160000000000000000000,0x514910771AF9Ca656af840dff83E8264EcF986CA,2026-06-11T05:50:23.948956
0xf340_find_validate_p8,F-001,Critical,Unrestricted `initVRF` lets arbitrary callers set the payout recipient and token,5,PASS,160000000000000000000,0x514910771AF9Ca656af840dff83E8264EcF986CA,2026-06-11T05:50:23.948961
88mph_deepseek_test,F-001,High,fundMultiple accounting charges funders for stale deficits from withdrawn deposi,0,PASS,504559227898593340724,0xA64BD6C70Cb9051F6A9ba1F163Fdc07E0DfB5F84,2026-06-11T05:50:23.949144
88mph_dualmodel_1round_p4,F-001,Critical,Anyone can reinitialize the NFT contracts and seize deposit/funding token owners,5,FAIL,0,,2026-06-11T05:50:23.949247
AlkemiEarn_find_validate_p8,F-001,Critical,Same-market self-liquidation of a freshly opened position can over-credit collat,0,PASS,43453950000000000000,0x0000000000000000000000000000000000000000,2026-06-11T05:50:23.949395
AlkemiEarn_find_validate_p8,F-001,Critical,Same-market self-liquidation of a freshly opened position can over-credit collat,1,PASS,43454527021548053172,0xC02aaA39b223FE8D0A0e5C4F27eAD9083C756Cc2,2026-06-11T05:50:23.949402
AlkemiEarn_find_validate_p8,F-001,Critical,Same-market self-liquidation of a freshly opened position can over-credit collat,2,PASS,43454527021548053172,0xC02aaA39b223FE8D0A0e5C4F27eAD9083C756Cc2,2026-06-11T05:50:23.949405
AlkemiEarn_find_validate_p8,F-001,Critical,Same-market self-liquidation of a freshly opened position can over-credit collat,3,PASS,43454527021548053172,0xC02aaA39b223FE8D0A0e5C4F27eAD9083C756Cc2,2026-06-11T05:50:23.949409
Corkprotocol_find_validate_p8,F-001,Critical,Permissionless market creation lets attackers register arbitrary redemption asse,2,PASS,3760881362964405126380,0x7f39C581F595B53c5cb19bD0b3f8dA6c935E2Ca0,2026-06-11T05:50:23.949665
Corkprotocol_find_validate_p8,F-001,Critical,Permissionless market creation lets attackers register arbitrary redemption asse,3,PASS,3760881362964405126380,0x7f39C581F595B53c5cb19bD0b3f8dA6c935E2Ca0,2026-06-11T05:50:23.949673
Corkprotocol_find_validate_p8,F-001,Critical,Permissionless market creation lets attackers register arbitrary redemption asse,4,PASS,3760881362964405126380,0x7f39C581F595B53c5cb19bD0b3f8dA6c935E2Ca0,2026-06-11T05:50:23.949677
Curve_LlamaLend_find_validate_p8,F-001,Critical,sDOLA collateral can be overvalued by donating DOLA into the vault/savings path,1,PASS,227325435019089267365822,0x865377367054516e17014CcdED1e7d814EDC9ce4,2026-06-11T05:50:23.949809
Curve_LlamaLend_find_validate_p8,F-001,Critical,sDOLA collateral can be overvalued by donating DOLA into the vault/savings path,3,PASS,227325435019089267365822,0x865377367054516e17014CcdED1e7d814EDC9ce4,2026-06-11T05:50:23.949814
Curve_LlamaLend_find_validate_p8,F-001,Critical,sDOLA collateral can be overvalued by donating DOLA into the vault/savings path,4,PASS,227325435019089267365822,0x865377367054516e17014CcdED1e7d814EDC9ce4,2026-06-11T05:50:23.949818
DRLVaultV3_find_validate_p8,F-002,High,"Target vault's `swapToWETH` can be sandwiched at a manipulated price, draining v",1,PASS,27122517184231891380,0xC02aaA39b223FE8D0A0e5C4F27eAD9083C756Cc2,2026-06-11T05:50:23.949959
DRLVaultV3_find_validate_p8,F-002,High,"Target vault's `swapToWETH` can be sandwiched at a manipulated price, draining v",4,PASS,15559883541170234193,0xC02aaA39b223FE8D0A0e5C4F27eAD9083C756Cc2,2026-06-11T05:50:23.949965
DRLVaultV3_find_validate_p8,F-002,High,"Target vault's `swapToWETH` can be sandwiched at a manipulated price, draining v",5,PASS,15559883541170234193,0xC02aaA39b223FE8D0A0e5C4F27eAD9083C756Cc2,2026-06-11T05:50:23.949968
Laundromat_find_validate_p8,Laundromat-001,high,Zero-cost Sybil deposits let an attacker complete a round and steal dormant mixe,5,FAIL,0,,2026-06-11T05:50:23.950094
LeverageSIR_find_validate_p8,F-001,Critical,Funded vault can be initialized by anyone with attacker-chosen market parameters,5,FAIL,0,,2026-06-11T05:50:23.950209
Roar_find_validate_p8,F-001,Critical,Permissionless time-locked emergency withdrawal lets any EOA drain ROAR and LP r,5,PASS,40519380409602649223,0xb0415D55f2C87b7f99285848bd341C367FeAc1ea,2026-06-11T05:50:23.950345
SBRToken_find_validate_p8,F-001,Critical,Pair self-transfer via `skim(pair)` appears to inflate SBR balances and enables ,1,PASS,8495031867920840930,0xC02aaA39b223FE8D0A0e5C4F27eAD9083C756Cc2,2026-06-11T05:50:23.950473
SuperRare_find_validate_p8,F-001,Critical,Unrestricted `updateMerkleRoot()` lets any caller self-authorize arbitrary token,3,PASS,11907874713019104529057960,0xba5BDe662c17e2aDFF1075610382B9B691296350,2026-06-11T05:50:23.950644
SuperRare_find_validate_p8,F-001,Critical,Unrestricted `updateMerkleRoot()` lets any caller self-authorize arbitrary token,5,PASS,11907874713019104529057960,0xba5BDe662c17e2aDFF1075610382B9B691296350,2026-06-11T05:50:23.950651
Truebit_find_validate_p8,TRUEBIT-001,critical,"Bonding-curve purchase quote can round down to zero, enabling free buys and rese",5,FAIL,0,,2026-06-11T05:50:23.950790
aave_boost_1777215065,F-002,Medium,Anyone can trigger the strategy against the verifier treasury,5,FAIL,0,,2026-06-11T05:50:23.950938
aave_boost_find_validate_1round,F-001,Critical,Unrestricted fixed reward can be sybil-drained with dust deposits,2,PASS,48900000000000000000,0x7Fc66500c84A76Ad7e9c93437bFc5Ac33E2DDaE9,2026-06-11T05:50:23.951034
adc_p5_25_124,F-001,Critical,Public `calcStepIncome` lets any player mint arbitrary withdrawable rewards,5,FAIL,0,,2026-06-11T05:50:23.951172
affinedefi_p5_25_124,F-001,High,Curve near-par minimum output plus swallowed divest reverts can permissionlessly,5,FAIL,0,,2026-06-11T05:50:23.951274
akutarnft_p5_25_124,F-001,Critical,Project funds can be permanently locked because refund progress is compared agai,5,FAIL,0,,2026-06-11T05:50:23.951375
alkimiya_io_1777262302,F-001,High,Recovered bounty proceeds are permanently locked in the contract,1,FAIL,0,,2026-06-11T05:50:23.951515
alkimiya_io_1777262302,F-002,High,All token liquidations are sandwichable because `amountOutMin` is hardcoded to z,5,FAIL,0,,2026-06-11T05:50:23.951521
alkimiya_io_1777262302,F-005,High,A single wei of DAI can brick every future recovery attempt,5,FAIL,0,,2026-06-11T05:50:23.951526
alkimiya_io_find_validate_1round,F-001,High,Signed orders can be replayed and overfilled indefinitely,5,PASS,1083409027568802827,0x6B175474E89094C44Da98b954EedeAC495271d0F,2026-06-11T05:50:23.951650
anyswap_dualmodel_1round_p4,F-005,High,Underlying bridge-out flows use the requested amount instead of the amount actua,5,FAIL,0,,2026-06-11T05:50:23.951779
astrid_p5_25_124,F-001,Critical,Arbitrary `IRestakedETH` contracts can redeem real pool assets with fake tokens,2,PASS,64176037513415148811,0xae7ab96520DE3A18E5e111B5EaAb095312D7fE84,2026-06-11T05:50:23.951908
auctus_dualmodel_1round_p4,F-001,High,ETH-strike premium payouts revert because WETH unwrapping is blocked by `receive,5,FAIL,0,,2026-06-11T05:50:23.952002
auctus_p5_25_124,F-001,Critical,Unverified ACO tokens let attackers sweep arbitrary writer-held ERC20 balances,5,FAIL,0,,2026-06-11T05:50:23.952094
audius_p5_25_124,F-001,Critical,Funding-block claims can be replayed and reorder payouts because the round snaps,5,FAIL,0,,2026-06-11T05:50:23.952187
badguysbyrpf_p5_25_124,F-001,Critical,Any allowlisted address can mint the entire public allocation in a single free c,4,PASS,463000000000000000,0xC02aaA39b223FE8D0A0e5C4F27eAD9083C756Cc2,2026-06-11T05:50:23.952277
balancer_20200628_dualmodel_1round_p4,F-001,Critical,"Nominal reserve accounting breaks with fee-on-transfer, deflationary, or rebasin",5,FAIL,0,,2026-06-11T05:50:23.952381
balancer_p5_25_124,F-001,High,"Emergency exits permanently invalidate LinearPool virtual-supply accounting, yet",5,FAIL,0,,2026-06-11T05:50:23.952475
bancor_dualmodel_1round_p4,F-001,Critical,Inherited public token helper functions let any caller move funds as BancorNetwo,0,PASS,905987977635678910008152,0x28dee01D53FED0Edf5f6E310BF8Ef9311513Ae40,2026-06-11T05:50:23.952568
bao_p5_25_124,F-001,Critical,"Borrow and redeem transfer underlying before updating debt/collateral, enabling ",5,FAIL,0,,2026-06-11T05:50:23.952750
barleyfinance_p5_25_124,F-001,Critical,Unrestricted first-time referral initialization lets an attacker seize reward ro,5,PASS,14643198714857988924265,0x3e2324342bF5B8A1Dca42915f0489497203d640E,2026-06-11T05:50:23.952885
bayc_apecoin_p5_25_124,F-001,High,Full-balance NFT enumeration makes claims unscalable and lets attackers dust wal,5,FAIL,0,,2026-06-11T05:50:23.952971
bbt_deepseek_test,F-001,Critical,Unauthorized Registry Replacement Enables Unlimited Token Minting,0,PASS,1000000000000000000000000,0x3541499cda8CA51B24724Bb8e7Ce569727406E04,2026-06-11T05:50:23.953089
bbt_deepseek_test,F-001,Critical,Unauthorized Registry Replacement Enables Unlimited Token Minting,1,PASS,1937493677538774175,0x0000000000000000000000000000000000000000,2026-06-11T05:50:23.953094
bbt_deepseek_test,F-002,Medium,Mint Function Ignores maxSupply Cap,0,PASS,1000000000000000000000000,0x3541499cda8CA51B24724Bb8e7Ce569727406E04,2026-06-11T05:50:23.953099
bbt_deepseek_test,F-002,Medium,Mint Function Ignores maxSupply Cap,1,PASS,31448260012075072,0x3541499cda8CA51B24724Bb8e7Ce569727406E04,2026-06-11T05:50:23.953102
bbt_deepseek_v2,F-001,Critical,Unprotected setRegistry() enables unlimited token minting,0,PASS,1000000000000000000000000,0x3541499cda8CA51B24724Bb8e7Ce569727406E04,2026-06-11T05:50:23.953196
bbt_deepseek_v2,F-001,Critical,Unprotected setRegistry() enables unlimited token minting,1,PASS,1937493677538774175,0x0000000000000000000000000000000000000000,2026-06-11T05:50:23.953200
bbt_p5_125_end,F-001,Critical,Anyone can replace the registry and grant themselves mint authority,1,PASS,1000000000000000000000000,0x3541499cda8CA51B24724Bb8e7Ce569727406E04,2026-06-11T05:50:23.953319
blueberryprotocol_p5_25_124,F-001,High,Hard-delisting a live market removes its debt from solvency checks and bricks no,5,FAIL,0,,2026-06-11T05:50:23.953428
bmizapper_p5_25_124,F-001,High,Derivative unwinds and mint accounting use whole-contract balances instead of th,5,FAIL,0,,2026-06-11T05:50:23.953594
brahtopg_p5_25_124,F-002,Medium,Unchecked ERC20 return values allow silent transfer and approval failures,5,FAIL,0,,2026-06-11T05:50:23.953693
btc20_p5_25_124,F-001,High,"Upgradeable presale exposes no initializer, leaving proxy owner and all core con",4,PASS,1000000000000000,0xC02aaA39b223FE8D0A0e5C4F27eAD9083C756Cc2,2026-06-11T05:50:23.953787
burntbubba_p5_25_124,F-002,Critical,FSushiBill backdates rewards for fresh beneficiaries because deposits never chec,5,FAIL,0,,2026-06-11T05:50:23.953906
bzx2_p5_125_end,F-002,High,Minting trusts the requested ERC20 deposit amount instead of the amount actually,5,FAIL,0,,2026-06-11T05:50:23.953991
bzx_dualmodel_1round_p4,F-002,High,Nominal-amount accounting overcredits deposits and collateral for fee-on-transfe,5,FAIL,0,,2026-06-11T05:50:23.954076
coinbase_find_validate_p8,F-001,Critical,`execute()` accepts attacker-controlled action payloads that can steal from any ,1,PASS,105493579719278780000000,0x68BbEd6A47194EFf1CF514B50Ea91895597fc91E,2026-06-11T05:50:23.954192
coinbase_find_validate_p8,F-001,Critical,`execute()` accepts attacker-controlled action payloads that can steal from any ,2,PASS,105493579719278780000000,0x68BbEd6A47194EFf1CF514B50Ea91895597fc91E,2026-06-11T05:50:23.954198
coinbase_find_validate_p8,F-001,Critical,`execute()` accepts attacker-controlled action payloads that can steal from any ,3,PASS,105493579719278780000000,0x68BbEd6A47194EFf1CF514B50Ea91895597fc91E,2026-06-11T05:50:23.954201
compounderfinance_p5_25_124,F-001,High,"Curve deposits and exits execute with zero slippage protection, enabling MEV ext",5,FAIL,0,,2026-06-11T05:50:23.954323
compoundtusd_dualmodel_1round_p4,F-001,High,Balance-delta accounting can over-credit deposits and repayments for mutable und,5,FAIL,0,,2026-06-11T05:50:23.954408
compounduni_p5_25_124,F-001,High,Reporter-priced assets are live at a hardcoded price of 1 until their first repo,5,FAIL,0,,2026-06-11T05:50:23.954492
conic02_p5_25_124,F-001,High,"Convex extra rewards are claimed to the pool but sold from the RewardManager, pe",5,FAIL,0,,2026-06-11T05:50:23.954583
conic_2_p5_25_124,F-001,High,First staker after a zero-stake interval can appropriate the entire uncheckpoint,5,FAIL,0,,2026-06-11T05:50:23.954676
conic_p5_25_124,F-001,High,First staker after a zero-stake interval can capture all rewards accrued while n,5,FAIL,0,,2026-06-11T05:50:23.954762
cover_dualmodel_1round_p4,F-001,High,New deposits can capture COVER rewards accrued before they were staked,5,FAIL,0,,2026-06-11T05:50:23.954846
cream_2_p5_25_124,F-001,Critical,"Unconditional revert in redeem policy freezes all redemptions, exits, and cToken",5,FAIL,0,,2026-06-11T05:50:23.954956
cream_dualmodel_1round_p4,F-001,High,Collateral cap is unenforceable for pre-upgrade balances in upgraded collateral-,5,FAIL,0,,2026-06-11T05:50:23.955040
deeznutz404_p5_125_end,F-001,High,Anyone can front-run and permanently hijack the mirror/base link,2,PASS,1000000000000000,0xb57E874082417b66877429481473CF9FCd8e0b8a,2026-06-11T05:50:23.955125
depayrouter_p5_25_124,F-001,High,"Routes can return success without delivering any output, trapping user funds in ",1,PASS,200348007709835321053,0x6B175474E89094C44Da98b954EedeAC495271d0F,2026-06-11T05:50:23.955211
depusdt_levusdc_p5_25_124,F-001,Critical,"Public arbitrary-token approval lets any caller steal the market's USDT, cUSDT, ",5,PASS,42384904513730796869,0xC02aaA39b223FE8D0A0e5C4F27eAD9083C756Cc2,2026-06-11T05:50:23.955297
dexible_p5_25_124,F-001,Critical,Permissionless `selfSwap()` lets anyone execute arbitrary external calls as Dexi,5,FAIL,0,,2026-06-11T05:50:23.955382
dfx_p5_25_124,F-001,Critical,Flash-loan callback can reenter deposits and mint LP against temporarily drained,5,FAIL,0,,2026-06-11T05:50:23.955477
dodo_flashloan_dualmodel_1round_p4,F-001,Critical,Pool initialization is permissionless and can be replayed at any time,5,FAIL,0,,2026-06-11T05:50:23.955643
earningfram_p5_25_124,F-001,High,Small withdrawals can redeem assets while burning zero shares,4,PASS,2000000000000000001,0x863e572B215Fd67C855d973F870266cF827AEa5e,2026-06-11T05:50:23.955776
eflevervault_p5_25_124,F-001,Critical,Anyone can invoke the Balancer callback and force arbitrary leveraging or deleve,3,PASS,374449638379709529155,0xC02aaA39b223FE8D0A0e5C4F27eAD9083C756Cc2,2026-06-11T05:50:23.955861
efvault_p5_25_124,F-001,Critical,Anyone can mint vault shares using assets already sitting in the vault,5,FAIL,0,,2026-06-11T05:50:23.955958
ehive_p5_25_124,F-001,High,Privileged wallets receive all LP tokens and can withdraw pooled liquidity,5,FAIL,0,,2026-06-11T05:50:23.956047
erc20_deepseek_test,F-001,Critical,Public exchange uses Curve with min_dy=0 enabling flash-loan price manipulation,0,FAIL,0,,2026-06-11T05:50:23.956139
erc20tokenbank_p5_25_124,F-001,Critical,"Public exchange uses Curve with `min_dy = 0`, enabling flash-loan price manipula",5,FAIL,0,,2026-06-11T05:50:23.956259
flippazone_p5_25_124,F-001,Critical,Anyone can drain auction ETH through unrestricted withdrawal functions,0,PASS,1150000000000000000,0x0000000000000000000000000000000000000000,2026-06-11T05:50:23.956354
floordao_p5_25_124,F-001,Critical,"Warmup deposits are rebased but never counted as liabilities, allowing staking i",5,FAIL,0,,2026-06-11T05:50:23.956440
floorprotocol_p5_25_124,F-001,High,"Periphery mixes balances across users, letting later callers spend stranded ETH ",5,FAIL,0,,2026-06-11T05:50:23.956526
game_p5_125_end,F-001,Critical,Previous-bid refund is an unguarded external call that enables both reentrancy t,2,PASS,11170960070837511,0x0000000000000000000000000000000000000000,2026-06-11T05:50:23.956618
goodcompound_p5_25_124,F-001,High,Legacy mint accounting overissues cTokens for fee-on-transfer deposits,5,FAIL,0,,2026-06-11T05:50:23.956716
gooddollar_p5_25_124,F-001,High,Governance rotation leaves former avatar with permanent reserve minting and help,5,FAIL,0,,2026-06-11T05:50:23.956891
gradient_maker_pool_1777191969,F-001,High,"Reward accounting mixes deposit amounts with LP shares, enabling reward theft an",2,FAIL,0,,2026-06-11T05:50:23.956990
gradient_maker_pool_find_validate_1round,F-001,Critical,Depositing while assets are parked in the orderbook mints inflated LP shares,5,PASS,645530104844340836,0x0000000000000000000000000000000000000000,2026-06-11T05:50:23.957083
grok_p5_25_124,F-002,Critical,"Initial LP tokens are minted to the owner, enabling an unrestricted liquidity ru",5,FAIL,0,,2026-06-11T05:50:23.957208
harvestfinance_dualmodel_1round_p4,F-001,Critical,Vault proxy is deployed uninitialized and can be taken over by the first caller,5,FAIL,0,,2026-06-11T05:50:23.957317
heavensgate_p5_25_124,F-001,Critical,"Post-expiry stakes are miscounted as distributable rewards, creating undercollat",2,PASS,3463961741463119338,0xC02aaA39b223FE8D0A0e5C4F27eAD9083C756Cc2,2026-06-11T05:50:23.957411
hegic_options_find_validate_1round,F-001,Critical,"Utilization is enforced on partial collateral, allowing option liabilities to ex",5,FAIL,0,,2026-06-11T05:50:23.957605
hexotic_1777126035,F-001,High,Offer creation stores the real order under a hidden ID while every public interf,2,FAIL,0,,2026-06-11T05:50:23.957718
hexotic_find_validate_1round,F-001,High,Order creation returns and emits `0` instead of the real live order ID,3,PASS,122621013649987406,0x0000000000000000000000000000000000000000,2026-06-11T05:50:23.957806
hodlcapital_p5_25_124,F-001,High,"Reflection math omits the team fee from `rTransferAmount`, inflating balances an",5,FAIL,0,,2026-06-11T05:50:23.957915
hopelend_p5_25_124,F-002,High,Isolation debt ceilings can be bypassed with repeated sub-unit borrows,5,FAIL,0,,2026-06-11T05:50:23.958001
hoppyfrogerc_p5_125_end,F-001,Critical,Owner receives the entire liquidity position and can later rug the pool,5,FAIL,0,,2026-06-11T05:50:23.958085
hypr_p5_25_124,F-001,Critical,L1StandardBridge can be reinitialized repeatedly to replace the trusted messenge,5,FAIL,0,,2026-06-11T05:50:23.958168
indexedfinance_dualmodel_1round_p4,F-001,High,Manipulable market-cap inputs let anyone force bad constituents and weights duri,2,PASS,129192303914340014,0xC02aaA39b223FE8D0A0e5C4F27eAD9083C756Cc2,2026-06-11T05:50:23.958261
inversefinance_p5_25_124,F-002,High,`mint` can accept deposits that mint zero cTokens after exchange-rate inflation,5,PASS,91164274749160382,0x865377367054516e17014CcdED1e7d814EDC9ce4,2026-06-11T05:50:23.958362
jay_p5_25_124,F-001,Critical,Vault NFTs can be bought for the same flat fee regardless of collection or value,5,FAIL,0,,2026-06-11T05:50:23.958516
juice_p5_125_end,F-001,Critical,Unbounded `stakeWeek` lets a staker mint an arbitrarily large bonus and drain th,5,FAIL,0,,2026-06-11T05:50:23.958642
jumpfarm_p5_25_124,F-001,High,Unchecked ERC20 return values let stake and unstake proceed even when token tran,5,FAIL,0,,2026-06-11T05:50:23.958744
kashi_p5_25_124,F-001,Critical,Freshly initialized markets are immediately borrowable at a zero exchange rate,5,FAIL,0,,2026-06-11T05:50:23.958843
ktaf_p5_25_124,F-001,High,Thin-market donation inflation lets an attacker steal later deposits,5,FAIL,0,,2026-06-11T05:50:23.958936
lendfme_dualmodel_1round_p4,F-001,Critical,External token callbacks can reenter before balances and market totals are updat,5,FAIL,0,,2026-06-11T05:50:23.959088
lqdx_alert_p5_25_124,F-001,Critical,Arbitrary `tokenOut` lets withdrawers steal unrelated tokens held by the zap,5,FAIL,0,,2026-06-11T05:50:23.959241
luckytiger_p5_25_124,F-002,Critical,Contract callers can revert losing mints and keep only winning outcomes,5,FAIL,0,,2026-06-11T05:50:23.959339
mahalend_p5_25_124,F-001,High,Flash-loan debt opening reuses a stale eMode category after the callback,5,FAIL,0,,2026-06-11T05:50:23.959435
makina_find_validate_p8,F-001,Critical,Permissionless `updateTotalAum()` lets attackers snapshot flash-manipulated port,4,PASS,4004735959901171789096164,0x6c3F90f043a72FA612cbac8115EE7e52BDe6E490,2026-06-11T05:50:23.959532
makina_find_validate_p8,F-001,Critical,Permissionless `updateTotalAum()` lets attackers snapshot flash-manipulated port,5,PASS,4004735959901171789096164,0x6c3F90f043a72FA612cbac8115EE7e52BDe6E490,2026-06-11T05:50:23.959537
meta_pool_1777177831,F-001,Medium,Transparent proxies can retain a second upgrade path when paired with implementa,4,FAIL,0,,2026-06-11T05:50:23.959700
meta_pool_find_validate_1round,F-001,Critical,Possible unbacked mpETH mint via inherited ERC4626 `mint` path,5,FAIL,0,,2026-06-11T05:50:23.959798
mim_spell3_1777097059,F-003,Critical,Zero oracle rates are accepted and make any borrower with nonzero collateral app,9,FAIL,0,,2026-06-11T05:50:23.959926
mim_spell3_1777097059_副本,F-001,Critical,`cook()` solvency enforcement can be cleared by `ACTION_ACCRUE` or any unsupport,0,FAIL,0,,2026-06-11T05:50:23.960042
mim_spell3_1777097059_副本,F-003,Critical,Zero oracle rates are accepted and make any borrower with nonzero collateral app,4,FAIL,0,,2026-06-11T05:50:23.960049
mim_spell3_1777097059_副本,F-022,High,Deeply underwater positions become permanently unliquidatable and leave irrecove,4,FAIL,0,,2026-06-11T05:50:23.960054
mim_spell3_t01_46f54d43,F-001,Critical,A zero exchange rate makes debt evaluate to zero and prevents liquidation,1,FAIL,0,,2026-06-11T05:50:23.960195
mim_spell3_t02_289424ad,F-001,Critical,Unsupported `cook` actions silently clear the deferred solvency check,1,FAIL,0,,2026-06-11T05:50:23.960290
mim_spell3_t03_ce450a23,F-001,Critical,`cook()` can erase pending solvency checks via `ACTION_ACCRUE` or any unhandled ,1,FAIL,0,,2026-06-11T05:50:23.960385
mim_spell3_t04_40d95c4b,F-001,Critical,"Unsupported `cook` actions clear the pending solvency check, enabling uncollater",0,FAIL,0,,2026-06-11T05:50:23.960495
mim_spell3_t05_6bcd99d6,F-001,Critical,`cook()` lets borrowers bypass the post-action solvency check with any unsupport,1,FAIL,0,,2026-06-11T05:50:23.960589
mim_spell3_t06_c6d3b82f,F-001,Critical,Unhandled `cook` actions reset `CookStatus` and bypass the deferred solvency che,0,FAIL,0,,2026-06-11T05:50:23.960678
mimspell2_p5_25_124,F-001,High,Initialization accepts failed oracle data and can seed an invalid exchange-rate ,5,FAIL,0,,2026-06-11T05:50:23.960795
mimspell_p5_25_124,F-001,Critical,Unchecked 0x calldata plus unlimited underlying approval lets the caller redirec,3,PASS,17910610799814908174570,0x99D8a9C45b2ecA8864373A26D1459e3Dff1e17F3,2026-06-11T05:50:23.960904
miner_p5_125_end,F-001,High,ERC721-style `transferFrom` debits two NFT-worths of ERC20 balance for one NFT t,5,FAIL,0,,2026-06-11T05:50:23.961004
mono_dualmodel_1round_p4,F-001,Critical,Self-swaps on the same pool token let attackers ratchet pool prices upward witho,5,FAIL,0,,2026-06-11T05:50:23.961127
multichaincapital_p5_25_124,F-001,Critical,"Team fee is never removed from reflected transfers, minting unbacked tokens on e",5,FAIL,0,,2026-06-11T05:50:23.961224
n00d_p5_25_124,F-002,High,"ERC20-looking transfers still execute ERC777 recipient hooks, enabling callback ",5,FAIL,0,,2026-06-11T05:50:23.961320
nfttrader_p5_25_124,F-001,Critical,Per-creator index / global swapId confusion lets callers withdraw other users' e,3,PASS,1000000000000000,0xC02aaA39b223FE8D0A0e5C4F27eAD9083C756Cc2,2026-06-11T05:50:23.961421
nimbus_dualmodel_1round_p4,F-001,Critical,"Swap invariant uses a 10,000-based fee adjustment against a 1,000-based RHS, all",5,FAIL,0,,2026-06-11T05:50:23.961596
nomadbridge_p5_25_124,F-001,Critical,Beacon proxies can be left uninitialized and then fully hijacked,5,FAIL,0,,2026-06-11T05:50:23.961699
nowswap_dualmodel_1round_p4,F-001,Critical,"Swap invariant is weakened by a 100x scaling mismatch, allowing near-total reser",2,PASS,269495458733237766,0x0BCd83DF58a1BfD25b1347F9c9dA1b7118b648a6,2026-06-11T05:50:23.961795
num_p5_25_124,F-002,High,Permit-based bridge entrypoints let arbitrary callers redirect a signer’s funds ,4,PASS,1000000000000001,0xC02aaA39b223FE8D0A0e5C4F27eAD9083C756Cc2,2026-06-11T05:50:23.961887
olympusdao_p5_25_124,F-001,Critical,`redeem()` trusts an arbitrary token contract and can release any ERC20 held by ,5,FAIL,0,,2026-06-11T05:50:23.961981
one_inch_fusion_v1_settlement_hack_1777261514,F-001,Critical,Settlement executes caller-supplied interaction bytes that are not bound to the ,5,FAIL,0,,2026-06-11T05:50:23.962138
one_inch_fusion_v1_settlement_hack_1777261514,F-002,Critical,Self-targeted settlement interactions allow reentrancy that satisfies `allowedSe,5,FAIL,0,,2026-06-11T05:50:23.962146
one_inch_fusion_v1_settlement_hack_1777261514,F-003,Critical,Unchecked dynamic offset and length parsing enables calldata corruption and repl,3,FAIL,0,,2026-06-11T05:50:23.962151
oneinch_fusion_retest,F-001,Critical,Forged interaction offsets can redirect settlement parsing into an attacker-supp,5,FAIL,0,,2026-06-11T05:50:23.962251
oneinch_fusion_retest_tail3_validate,F-003,High,Universal ERC1271 approval plus standing USDT allowance lets anyone drain contra,5,FAIL,0,,2026-06-11T05:50:23.962359
oneinch_fusion_retest_tail3_validate,F-004,Medium,Permissionless zero-min-output swaps expose contract balances to sandwich extrac,5,FAIL,0,,2026-06-11T05:50:23.962365
oneinch_fusion_t01_a88800cd,F-001,Critical,Universal ERC-1271 approval makes every signature for this contract valid,1,FAIL,0,,2026-06-11T05:50:23.962467
oneinch_fusion_t02_b02f39e3,F-001,Critical,Interaction-length wraparound can redirect settlement parsing into forged histor,0,FAIL,0,,2026-06-11T05:50:23.962566
onyxprotocol_p5_25_124,F-001,High,Direct underlying donations can inflate the exchange rate until later minters re,5,FAIL,0,,2026-06-11T05:50:23.962659
opyn_dualmodel_1round_p4,F-001,High,Fungible oTokens can be exercised against attacker-chosen healthy vaults first,5,FAIL,0,,2026-06-11T05:50:23.962755
orion_p5_25_124,F-001,High,"Deployment-time initializer runs before proxy admin is set, enabling privilege c",5,PASS,1313324756348827,0xC02aaA39b223FE8D0A0e5C4F27eAD9083C756Cc2,2026-06-11T05:50:23.962894
pandora_p5_125_end,F-001,Critical,Unchecked ERC20 arithmetic lets arbitrary callers drain approved-none balances,0,PASS,185520527453721770725,0xddaDF1bf44363D07E750C20219C2347Ed7D826b9,2026-06-11T05:50:23.962997
paraspace_p5_25_124,F-001,High,Siloed-borrowing risk controls are defined but never enforced on borrow,5,FAIL,0,,2026-06-11T05:50:23.963098
particletrade_p5_125_end,F-001,Critical,"`multicall` reuses one `msg.value` across multiple payable delegatecalls, allowi",5,FAIL,0,,2026-06-11T05:50:23.963196
pawnfi_p5_25_124,F-001,Critical,Stale depositor authorization lets a previous owner reclaim transferred deposite,5,FAIL,0,,2026-06-11T05:50:23.963292
peapodsfinance_p5_25_124,F-001,High,"Permissionless fee liquidation uses `amountOutMin = 0`, enabling MEV to drain pr",1,PASS,152903414206155410418,0xdbB20A979a92ccCcE15229e41c9B082D5b5d7E31,2026-06-11T05:50:23.963388
pickle_dualmodel_1round_p4,F-001,High,"`swapExactJarForJar()` trusts attacker-supplied jars and converter calldata, exp",5,FAIL,0,,2026-06-11T05:50:23.963483
pineprotocol_p5_25_124,F-001,Critical,Standard ERC20 repayments are impossible because the pool uses `transferFrom(add,5,FAIL,0,,2026-06-11T05:50:23.963576
pseudoeth_p5_25_124,F-003,Medium,`initialize` can be called repeatedly and accepts invalid token addresses,5,FAIL,0,,2026-06-11T05:50:23.963679
qtn_p5_25_124,F-001,Critical,Positive rebases desynchronize the AMM pair balance and let sellers extract exce,5,FAIL,0,,2026-06-11T05:50:23.963770
quantumwn_p5_25_124,F-001,High,Unchecked ERC20 return values can mint unbacked stake receipts or release QWA wi,5,FAIL,0,,2026-06-11T05:50:23.963871
qubit_p5_25_124,F-002,High,Transparent proxy may expose an implementation-controlled upgrade path outside P,5,FAIL,0,,2026-06-11T05:50:23.963965
raft_p5_25_124,F-001,High,The final position in a collateral market is permanently exempt from liquidation,1,PASS,1000000000000001,0x183015a9bA6fF60230fdEaDc3F43b3D788b13e21,2026-06-11T05:50:23.964058
rari_p5_25_124,F-001,Critical,SimplePriceOracle lets any account arbitrarily reprice listed assets,5,FAIL,0,,2026-06-11T05:50:23.964152
rbalancer_p5_25_124,F-001,High,Instant withdrawals can burn full shares but return only a fraction of the owed ,5,FAIL,0,,2026-06-11T05:50:23.964248
resupply_fi_1777184922,F-001,High,"Oracle decimal scaling is ignored, so non-18-decimal feeds misprice collateral b",5,FAIL,0,,2026-06-11T05:50:23.964344
resupply_fi_find_validate_1round,F-004,High,Convex pool migration can hide live collateral and freeze withdrawals/redemption,7,FAIL,0,,2026-06-11T05:50:23.964439
revertfinance_p5_25_124,F-001,Critical,Any approved NFT operator can force callback execution and drain a position's wi,5,FAIL,0,,2026-06-11T05:50:23.964571
revest_p5_25_124,F-001,Critical,Reentrancy can reuse an uncommitted FNFT id and merge distinct positions into on,5,FAIL,0,,2026-06-11T05:50:23.964666
roefinance_p5_25_124,F-003,Critical,Zero oracle prices make listed reserves borrowable for free,5,FAIL,0,,2026-06-11T05:50:23.964759
rubic_p5_25_124,F-001,High,"Unlimited gateway approvals persist and survive router delisting, enabling drain",5,FAIL,0,,2026-06-11T05:50:23.964880
rubic_singlecodex_1round_p4,F-002,High,ERC20 routes spend the declared amount instead of the amount actually received,5,FAIL,0,,2026-06-11T05:50:23.964984
rubic_t01_3335a88b,F-001,Critical,Caller-controlled router target and calldata let anyone drain third-party ERC20 ,3,PASS,1293223180857000000000000,0xA0b86991c6218b36c1d19D4a2e9Eb0cE3606eB48,2026-06-11T05:50:23.965087
rubic_t01_3335a88b,F-001,Critical,Caller-controlled router target and calldata let anyone drain third-party ERC20 ,4,PASS,1293223180857000000000000,0xA0b86991c6218b36c1d19D4a2e9Eb0cE3606eB48,2026-06-11T05:50:23.965093
rubic_t01_3335a88b,F-001,Critical,Caller-controlled router target and calldata let anyone drain third-party ERC20 ,6,PASS,1293223180857000000000000,0xA0b86991c6218b36c1d19D4a2e9Eb0cE3606eB48,2026-06-11T05:50:23.965097
rubic_t01_find_validate_repo_manifest,F-001,High,Unlimited gateway approvals persist indefinitely and let any compromised allowli,5,FAIL,0,,2026-06-11T05:50:23.965276
rubic_t01_onchain_findonly,F-001,High,"Old proxy credits fee-on-transfer inputs at the user-declared amount, allowing t",5,FAIL,0,,2026-06-11T05:50:23.965410
rubic_t02_33388cf6,F-001,Critical,Public `routerCallNative` lets callers execute arbitrary token `transferFrom` ca,1,PASS,1293223180857000000000000,0xA0b86991c6218b36c1d19D4a2e9Eb0cE3606eB48,2026-06-11T05:50:23.965587
rubic_t02_33388cf6,F-001,Critical,Public `routerCallNative` lets callers execute arbitrary token `transferFrom` ca,6,PASS,1058472663410513458049,0xC02aaA39b223FE8D0A0e5C4F27eAD9083C756Cc2,2026-06-11T05:50:23.965593
rubic_t02_33388cf6,F-001,Critical,Public `routerCallNative` lets callers execute arbitrary token `transferFrom` ca,7,PASS,1058472663410513458049,0xC02aaA39b223FE8D0A0e5C4F27eAD9083C756Cc2,2026-06-11T05:50:23.965596
rubic_t02_33388cf6,F-001,Critical,Public `routerCallNative` lets callers execute arbitrary token `transferFrom` ca,8,PASS,1058472663411331439240,0xC02aaA39b223FE8D0A0e5C4F27eAD9083C756Cc2,2026-06-11T05:50:23.965600
rubic_t02_find_validate_repo_manifest,F-001,High,Shared router/gateway allowlist plus sticky max approvals lets allowlisted spend,5,FAIL,0,,2026-06-11T05:50:23.965708
ruggedart_p5_125_end,F-003,Critical,Any user can buy staked NFTs out of the shared pool at a fixed 1.1-token price,5,FAIL,0,,2026-06-11T05:50:23.965804
saddle_p5_25_124,F-001,High,MetaSwap underlying swaps over-credit fee-on-transfer meta tokens,5,FAIL,0,,2026-06-11T05:50:23.965896
sandbox_dualmodel_1round_p4,F-001,Critical,Public `_burn` lets anyone destroy arbitrary LAND and corrupt balances,3,PASS,115792089237316195423570985008687907853269984665640564039457584007913129639935,0x50f5474724e0Ee42D9a4e711ccFB275809Fd6d4a,2026-06-11T05:50:23.965988
seneca_p5_125_end,F-001,Critical,Unsupported batched operations clear the deferred solvency flag and enable under,0,PASS,219799990000000000000000,0x922406EAFC3CcEb32b0256F287fB977c426EDbd8,2026-06-11T05:50:23.966079
shoco_p5_25_124,F-001,Critical,"Dev fee is double-counted, minting reflected balance to the contract on every ta",5,FAIL,0,,2026-06-11T05:50:23.966207
silo_finance_p5_25_124,F-001,Critical,Transferable share tokens let users separate debt from collateral across address,5,FAIL,0,,2026-06-11T05:50:23.966319
size_credit_find_validate_1round,F-001,Critical,Fresh debt and replacement borrowers bypass opening collateral-ratio checks,3,PASS,2202246305915328378,0x6B175474E89094C44Da98b954EedeAC495271d0F,2026-06-11T05:50:23.966419
snood_p5_25_124,F-001,Critical,Bridge owner can mint arbitrary unbacked tokens without consuming any burn recor,5,FAIL,0,,2026-06-11T05:50:23.966544
socketgateway_p5_25_124,F-002,Critical,Optimism and Arbitrum routes trust attacker-chosen bridge contracts as spenders ,5,FAIL,0,,2026-06-11T05:50:23.966633
sorra_staking_find_validate_1round,F-001,Critical,Matured rewards can be claimed repeatedly by splitting withdrawals,5,PASS,672471263430468802858825,0xE021bAa5b70C62A9ab2468490D3f8ce0AfDd88dF,2026-06-11T05:50:23.966734
sturdy_find_and_validate_t01,F-001,Critical,Transient Balancer `exitPool` state can inflate Balancer-LP collateral prices an,2,PASS,217702947457148592295,0xC02aaA39b223FE8D0A0e5C4F27eAD9083C756Cc2,2026-06-11T05:50:23.966897
sturdy_find_and_validate_t01,F-001,Critical,Transient Balancer `exitPool` state can inflate Balancer-LP collateral prices an,3,PASS,217702947457148592295,0xC02aaA39b223FE8D0A0e5C4F27eAD9083C756Cc2,2026-06-11T05:50:23.966903
sturdy_find_and_validate_t01,F-001,Critical,Transient Balancer `exitPool` state can inflate Balancer-LP collateral prices an,5,PASS,214133183597414526168,0xC02aaA39b223FE8D0A0e5C4F27eAD9083C756Cc2,2026-06-11T05:50:23.966907
sturdy_find_and_validate_t01,F-001,Critical,Transient Balancer `exitPool` state can inflate Balancer-LP collateral prices an,6,PASS,214133183597414526168,0xC02aaA39b223FE8D0A0e5C4F27eAD9083C756Cc2,2026-06-11T05:50:23.966911
sturdy_find_and_validate_t02,F-001,Critical,"Balancer LP collateral is priced from a transient, callback-visible pool state",0,FAIL,0,,2026-06-11T05:50:23.967011
sturdy_p5_25_124,F-001,Critical,Read-only reentrancy during Balancer exit lets LP collateral be valued at a tran,2,PASS,212834844337847116534,0xC02aaA39b223FE8D0A0e5C4F27eAD9083C756Cc2,2026-06-11T05:50:23.967108
sturdy_run_validate_1round,F-001,Critical,Read-only reentrancy during Balancer exit transiently overvalues BPT collateral ,0,FAIL,0,,2026-06-11T05:50:23.967200
sturdy_run_validate_t02,F-001,Critical,Balancer LP collateral can be overvalued from transient pool state during Balanc,0,FAIL,0,,2026-06-11T05:50:23.967291
sushi_badger_digg_dualmodel_1round_p4,F-001,Critical,MasterChef migrator can replace real LP collateral with worthless tokens and ste,5,FAIL,0,,2026-06-11T05:50:23.967395
sushi_router_p5_25_124,F-001,Critical,Arbitrary V3-style pools can forge callbacks and steal approved user funds,5,FAIL,0,,2026-06-11T05:50:23.967497
sushimiso_dualmodel_1round_p4,F-001,Critical,Batched ETH commitments can reuse one `msg.value` multiple times,5,PASS,46996990972918756268,0x0000000000000000000000000000000000000000,2026-06-11T05:50:23.967596
swapos_p5_25_124,F-001,Critical,Broken swap invariant allows draining nearly an entire reserve for dust-sized in,1,PASS,132052647135544055220,0xC02aaA39b223FE8D0A0e5C4F27eAD9083C756Cc2,2026-06-11T05:50:23.967693
swapp_staking_1777176070,F-001,High,Unchecked ERC20 transfer return values allow phantom deposits and silent failed ,3,FAIL,0,,2026-06-11T05:50:23.967792
swapp_staking_find_validate_1round,F-001,Critical,`deposit()` credits stake from the requested amount without verifying tokens wer,5,FAIL,0,,2026-06-11T05:50:23.967917
swapp_staking_findonly_1round_clean,F-001,High,Unchecked Compound error codes desynchronize stablecoin accounting and can block,3,PASS,2079059257332157248,0x6B175474E89094C44Da98b954EedeAC495271d0F,2026-06-11T05:50:23.968013
teamfinance_p5_25_124,F-002,Critical,Owner backdoor can reassign any user's locked assets to an arbitrary recipient,5,FAIL,0,,2026-06-11T05:50:23.968144
tecraspace_dualmodel_1round_p4,F-001,Critical,Anyone can burn arbitrary users' tokens via the inverted allowance check in burn,5,FAIL,0,,2026-06-11T05:50:23.968259
templedao_p5_25_124,F-001,Critical,Untrusted migration source lets anyone mint unbacked stake shares and drain the ,1,PASS,321154865567124596801893,0xBcB8b7FC9197fEDa75C101fA69d3211b5a30dCD9,2026-06-11T05:50:23.968371
thenftv2_p5_25_124,F-001,High,"Per-token approvals are not cleared on owner or operator transfers, allowing sta",2,PASS,9969909729187562,0xBB9bc244D798123fDe783fCc1C72d3Bb8C189413,2026-06-11T05:50:23.968479
tinu_p5_25_124,F-001,Critical,Broken reflection math mints team-fee tokens out of thin air,5,FAIL,0,,2026-06-11T05:50:23.968607
uerii_p5_25_124,F-001,Critical,Public mint allows arbitrary inflation of the token supply,1,PASS,1851524313060477684,0xC02aaA39b223FE8D0A0e5C4F27eAD9083C756Cc2,2026-06-11T05:50:23.968736
umbrella_p5_25_124,F-001,Critical,Unchecked arithmetic in `withdraw()` lets any caller drain staking tokens,0,PASS,8792873290680252648282,0xB1BbeEa2dA2905E6B0A30203aEf55c399C53D042,2026-06-11T05:50:23.968883
umbrella_run_validate_1round_noexclude,F-001,High,Reward emissions are not backed by reserved mint capacity,2,PASS,8792873290680252648282,0xB1BbeEa2dA2905E6B0A30203aEf55c399C53D042,2026-06-11T05:50:23.969025
umbrella_run_validate_1round_noexclude,F-002,Medium,Undistributed emissions still consume the farm's lifetime reward budget,5,FAIL,0,,2026-06-11T05:50:23.969031
umbrella_run_validate_1round_noexclude,F-003,Medium,Stake accounting becomes insolvent with fee-on-transfer or rebasing staking toke,5,FAIL,0,,2026-06-11T05:50:23.969035
uni_1777259836,F-001,High,"All ETH, extracted profits, and arbitrary ERC20s are permanently locked in the c",2,FAIL,0,,2026-06-11T05:50:23.969145
uni_1777259836,F-002,Medium,Forced ETH donations can permanently brick `executeOnOpportunity`,4,FAIL,0,,2026-06-11T05:50:23.969150
uni_1777259836,F-003,Medium,Anyone can permissionlessly trigger the hardcoded exploit once the contract is f,5,FAIL,0,,2026-06-11T05:50:23.969152
uni_find_validate_1round,F-004,Critical,"Swap accounting trusts untrusted token `balanceOf`, enabling free withdrawal of ",5,FAIL,0,,2026-06-11T05:50:23.969222
uniclynft_p5_25_124,F-001,Critical,ERC1155 mint callback reentrancy lets contract stakers mint the same pending poi,5,FAIL,0,,2026-06-11T05:50:23.969335
unilend_find_validate_1round,F-001,Critical,Anyone can front-run initialization and permanently seize an uninitialized pool,5,FAIL,0,,2026-06-11T05:50:23.969411
unverified_54cd_find_validate_p8,F-001,Critical,Proxy selector `0x03b79c24` can transfer custodied `weETH` to an attacker-contro,0,PASS,114534059890882021484,0x0000000000000000000000000000000000000000,2026-06-11T05:50:23.969557
unverified_54cd_find_validate_p8,F-001,Critical,Proxy selector `0x03b79c24` can transfer custodied `weETH` to an attacker-contro,1,PASS,114534059890882021484,0x0000000000000000000000000000000000000000,2026-06-11T05:50:23.969561
unverified_54cd_find_validate_p8,F-001,Critical,Proxy selector `0x03b79c24` can transfer custodied `weETH` to an attacker-contro,2,PASS,114534059890882021484,0x0000000000000000000000000000000000000000,2026-06-11T05:50:23.969563
upswing_p5_25_124,F-001,High,Zero-value `transferFrom` lets anyone tamper with another user's pressure accoun,5,FAIL,0,,2026-06-11T05:50:23.969652
usdtstakingcontract28_p5_25_124,F-001,Critical,Anyone can grant themselves unlimited allowance over tokens held by the contract,5,FAIL,0,,2026-06-11T05:50:23.969725
usual_money_1777213869,F-003,Critical,"All swaps use zero minimum output, enabling price-manipulation extraction",5,FAIL,0,,2026-06-11T05:50:23.969804
usual_money_1777213869,F-001,High,ETH and residual token balances can be permanently trapped in FlawVerifier,1,FAIL,0,,2026-06-11T05:50:23.969808
usual_money_1777213869,F-005,High,Hard-coded Ethereum mainnet endpoints can burn the treasury on the wrong chain,1,FAIL,0,,2026-06-11T05:50:23.969811
usual_money_find_validate_1round,F-002,High,`bUSD0` holders can redeem backing without burning the paired `rtUSD0`,3,PASS,138497223166510896,0x73A15FeD60Bf67631dC6cd7Bc5B6e8da8190aCF5,2026-06-11T05:50:23.969877
uwerx_p5_25_124,F-001,High,Pool-directed transferFrom can burn more tokens than the approved allowance,4,PASS,1000000000000000000,0x4306B12F8e824cE1fa9604BbD88f2AD4f0FE3c54,2026-06-11T05:50:23.970074
vinu_p5_25_124,F-002,Critical,"External controller fully controls transfer debits and credits, enabling confisc",5,FAIL,0,,2026-06-11T05:50:23.970224
visor_dualmodel_1round_p4,F-001,Critical,Fake or short-paying `IVisor` deposits can mint unbacked shares and drain pooled,0,PASS,9219200268612237484049970,0xF938424F7210f31dF2Aee3011291b658f872e91e,2026-06-11T05:50:23.970300
visor_run_validate_1round,F-001,Critical,Anyone can steal approved EOA VISR by depositing from the victim into their own ,4,FAIL,0,,2026-06-11T05:50:23.970430
visor_run_validate_1round,F-002,Critical,A fake `IVisor` contract can mint completely unbacked shares and drain all VISR,2,FAIL,0,,2026-06-11T05:50:23.970439
visor_run_validate_1round,F-003,High,The first depositor can seize any VISR already sitting in the hypervisor,1,FAIL,0,,2026-06-11T05:50:23.970444
visor_run_validate_1round_副本,F-001,Critical,Anyone can steal approved EOA VISR by depositing from the victim into their own ,4,FAIL,0,,2026-06-11T05:50:23.970616
visor_run_validate_1round_副本,F-002,Critical,A fake `IVisor` contract can mint completely unbacked shares and drain all VISR,2,FAIL,0,,2026-06-11T05:50:23.970623
visor_run_validate_1round_副本,F-003,High,The first depositor can seize any VISR already sitting in the hypervisor,1,FAIL,0,,2026-06-11T05:50:23.970628
wifcoin_eth_p5_125_end,F-001,Critical,claimEarned pays fixed rewards immediately and can be repeated indefinitely for ,0,PASS,15861936743012719,0xBFae33128ecF041856378b57adf0449181FFFDE7,2026-06-11T05:50:23.970805
wiselending02_p5_25_124,F-001,High,depositExactAmountETHMint skips pool synchronization and mints WETH shares at st,1,PASS,2472335528256472,0xC02aaA39b223FE8D0A0e5C4F27eAD9083C756Cc2,2026-06-11T05:50:23.970956
wiselending03_p5_25_124,F-001,High,Transfer-in accounting trusts nominal amounts and ignores unsuccessful ERC20 ret,5,FAIL,0,,2026-06-11T05:50:23.971158
wiselending_p5_25_124,F-001,Critical,Exact-amount borrows and withdrawals can round to zero shares and bypass account,5,FAIL,0,,2026-06-11T05:50:23.971344
xavefinance_p5_25_124,F-001,High,"Proposal questions are answerable immediately, enabling execution before the ref",5,FAIL,0,,2026-06-11T05:50:23.971505
xcarnival_p5_25_124,F-001,Critical,"CryptoPunks can be pledged with `nftType=1155`, permanently locking wrapped coll",5,FAIL,0,,2026-06-11T05:50:23.971610
xst_2_p5_25_124,F-001,Critical,"Upgradeable deployment has no initialization path, leaving owner and core state ",1,PASS,100000000000000000,0x418C24191aE947A78C99fDc0e45a1f96Afb254BE,2026-06-11T05:50:23.971779
xst_p5_25_124,F-001,Critical,"Missing initializer leaves ownership and core token state unset, permanently bri",4,PASS,10832414393994434350,0xEB58343b36C7528F23CAAe63a150240241310049,2026-06-11T05:50:23.971952
yETH_find_validate_p8,F-001,Critical,Liquidity accounting can settle against mixed stale/fresh asset rates,5,FAIL,0,,2026-06-11T05:50:23.972096
yearn_ydai_dualmodel_1round_p4,F-001,Critical,Empty-vault inflation attack can steal later deposits via zero-share minting,5,FAIL,0,,2026-06-11T05:50:23.972339
yearnfinance_p5_25_124,F-001,High,Stale Compound exchange rate lets new deposits mint inflated shares and steal ac,5,FAIL,0,,2026-06-11T05:50:23.972548
upswing_regression,F-001,Critical,Unauthorized releasePressure trigger via transferFrom allows anyone with ERC20 a,0,PASS,103733082883002026,0x0000000000000000000000000000000000000000,2026-06-11T12:44:48.843714
upswing_regression,F-002,High,Sell tax bypass via zero-value transfers to UNIv2 manipulates txCount to elimina,0,PASS,135717085669253930,0x0000000000000000000000000000000000000000,2026-06-11T12:44:48.843737
upswing_regression,F-003,High,amountPressure pool balance dependency enables flash loan manipulation of releas,0,PASS,99194175395278277,0x0000000000000000000000000000000000000000,2026-06-11T12:44:48.843741
aave_boost_regression,F-001,Critical,Missing token transfer in proxyDeposit enables complete drainage of contract AAV,0,PASS,48948600000000000000,0x7Fc66500c84A76Ad7e9c93437bFc5Ac33E2DDaE9,2026-06-11T12:50:22.369763
aave_boost_regression,F-002,High,Token type confusion — proxyDeposit transfers AAVE from caller regardless of ass,0,PASS,48948600000000000000,0x7Fc66500c84A76Ad7e9c93437bFc5Ac33E2DDaE9,2026-06-11T12:50:22.369795
aave_boost_regression,F-003,Medium,Old pool retains infinite AAVE allowance after setPool changes pool address,0,PASS,48900000000000000000,0x7Fc66500c84A76Ad7e9c93437bFc5Ac33E2DDaE9,2026-06-11T12:50:22.369800
depusdt_levusdc_regression,F-001,Critical,Public approveToken function with no access control allows complete token drain ,0,FAIL,69961509697,,2026-06-11T12:55:46.864521
depusdt_levusdc_regression,F-002,High,Zero-slippage Curve swaps in borrow and repay flows enable MEV sandwich extracti,0,PASS,69955913056,0xdAC17F958D2ee523a2206206994597C13D831ec7,2026-06-11T12:55:46.864540
depusdt_levusdc_regression,F-004,Medium,Implementation contract not locked - can be initialized directly by anyone,0,PASS,69961509697,,2026-06-11T12:55:46.864544
depusdt_levusdc_regression,F-003,Medium,Permissionless _addReserves function allows exchange rate manipulation and grief,0,PASS,32384904513730796869,0x0000000000000000000000000000000000000000,2026-06-11T12:55:46.864547
harvestfinance_regression,F-001,Critical,"Proxy upgrade delegates finalizeUpgrade() to new implementation, bypassing gover",0,FAIL,0,,2026-06-11T13:40:16.337224
harvestfinance_regression,F-002,High,Missing first-depositor inflation attack protection in ERC4626 vault,0,FAIL,0,,2026-06-11T13:40:16.337251
harvestfinance_regression,F-003,Low,ERC4626 mint() function violates spec due to double integer rounding,0,PASS,0,0xA0b86991c6218b36c1d19D4a2e9Eb0cE3606eB48,2026-06-11T13:40:16.337254
uni_regression,F-001,Critical,"SBF Token _transfer Sets Sender Balance via External Contract, Enabling Uniswap ",0,PASS,1000000000000000000,,2026-06-11T13:52:36.644808
uni_regression,F-002,High,SBF Token Total Supply Not Conserved: External Contract Controls Mint/Burn via T,0,PASS,1,0xC02aaA39b223FE8D0A0e5C4F27eAD9083C756Cc2,2026-06-11T13:52:36.644831
bzx_regression,F-001,Critical,Centralized Governance with Single Point of Failure — Single Address Controls Al,0,FAIL,1,,2026-06-11T14:17:38.817904
bzx_regression,F-002,Medium,Zero-Fee Flash Loans Enable Risk-Free Oracle Manipulation of External Protocols,0,FAIL,0,,2026-06-11T14:17:38.817933
bzx_regression,F-003,Low,Implementation Fallback Check Only Blocks Truly Unknown Selectors — Misleading S,0,FAIL,0,,2026-06-11T14:17:38.817937
hegic_options_regression,F-001,High,Premium not added to totalBalance in sellOption enables LP share inflation attac,0,PASS,8000000000000000000,0xC02aaA39b223FE8D0A0e5C4F27eAD9083C756Cc2,2026-06-11T14:22:54.152636
hegic_options_regression,F-002,Medium,Stale Chainlink price data accepted without timestamp validation,0,PASS,1000000000000000,0xC02aaA39b223FE8D0A0e5C4F27eAD9083C756Cc2,2026-06-11T14:22:54.152667
hegic_options_regression,F-003,Medium,setCollateralizationRatio lacks bounds validation,0,PASS,7500000000000000000,0xC02aaA39b223FE8D0A0e5C4F27eAD9083C756Cc2,2026-06-11T14:22:54.152671
hegic_options_regression,F-004,Medium,SettlementFeeDistributor.setShares validates against old totalShare instead of n,0,PASS,9000000000000000000,0xC02aaA39b223FE8D0A0e5C4F27eAD9083C756Cc2,2026-06-11T14:22:54.152675
hegic_options_regression,F-005,Low,sellOption missing nonReentrant modifier despite external call,0,FAIL,0,,2026-06-11T14:22:54.152680
nowswap_regression,F-001,Critical,K-check scaling mismatch in swap() allows draining 99% of pool with 1 wei input,0,PASS,266827123775064698,0xC02aaA39b223FE8D0A0e5C4F27eAD9083C756Cc2,2026-06-11T14:24:36.232639
nowswap_regression,F-002,Medium,Referral fee causes reserve inflation via stale balance in _update(),0,FAIL,0,,2026-06-11T14:24:36.232672
balancer_20200628_regression,F-001,Critical,Deflationary Token Accounting Mismatch Enables Pool Balance Inflation and Value ,0,PASS,0,,2026-06-11T14:33:48.212110
balancer_20200628_regression,F-002,Medium,Non-Standard ERC20 Tokens Cause Revert Due to Missing Return Value Check,0,FAIL,0,,2026-06-11T14:33:48.212141
balancer_20200628_regression,F-003,Low,View Functions Blocked During State-Changing Operations via _viewlock_ Modifier,0,FAIL,0,,2026-06-11T14:33:48.212146
akutarnft_regression,F-001,Critical,"Permanent lock of ~11,539 ETH due to semantic mismatch in claimProjectFunds comp",0,PASS,29555154183121349741,0x6B175474E89094C44Da98b954EedeAC495271d0F,2026-06-11T14:42:50.962915
akutarnft_regression,F-002,Medium,akuNFTs address uninitialized (zero address) causes secondary permanent revert i,0,FAIL,0,,2026-06-11T14:42:50.962941
akutarnft_regression,F-003,Medium,processRefunds can be permanently blocked by a single bidder reverting on ETH re,0,PASS,14777596058849464868,0x6B175474E89094C44Da98b954EedeAC495271d0F,2026-06-11T14:42:50.962945
akutarnft_regression,F-001,Critical,"Permanent lock of ~11,539 ETH due to semantic mismatch in claimProjectFunds comp",0,FAIL,0,,2026-06-11T14:43:32.927907
akutarnft_regression,F-002,Medium,akuNFTs address uninitialized (zero address) causes secondary permanent revert i,0,FAIL,0,,2026-06-11T14:43:32.927934
akutarnft_regression,F-003,Medium,processRefunds can be permanently blocked by a single bidder reverting on ETH re,0,PASS,14777596058849464868,0x6B175474E89094C44Da98b954EedeAC495271d0F,2026-06-11T14:43:32.927937
qtn_regression,F-001,Critical,balanceOf(pair) exceeds totalSupply(): 51.4% phantom tokens break Uniswap pool i,0,FAIL,0,,2026-06-11T14:43:45.458432
qtn_regression,F-002,High,Ownership renounced to address(0) permanently locks administrative functions,0,FAIL,0,,2026-06-11T14:43:45.458453
qtn_regression,F-003,Medium,Rebase condition double-counts transferred amount due to balanceOf being called ,0,FAIL,422051037201122250772915,,2026-06-11T14:43:45.458456
qtn_regression,F-004,Medium,_percentForTxLimit set to 100% removes anti-whale protection permanently,0,FAIL,0,,2026-06-11T14:43:45.458459
qtn_regression,F-005,Low,updateLive() is permissionless — anyone can transition the contract out of the b,0,PASS,442789537240395710623231,0xC9fa8F4CFd11559b50c5C7F6672B9eEa2757e1bd,2026-06-11T14:43:45.458462
apemaga_regression,F-001,Critical,Unrestricted Token Burning Backdoor via `family()` Enables Uniswap V2 Pool Drain,0,PASS,9114740462524288143,0x0000000000000000000000000000000000000000,2026-06-12T00:29:03.755413
alkimiya_io_regression,F-001,High,Missing filled-order check enables unlimited signature replay — orders can be fi,0,PASS,10000000000000000,0xC02aaA39b223FE8D0A0e5C4F27eAD9083C756Cc2,2026-06-12T02:03:26.155894
alkimiya_io_regression,F-003,Medium,No upper bound on `setMaxBountyFraction` — owner can set bounty to 100% and drai,0,PASS,10000000000000000,0xC02aaA39b223FE8D0A0e5C4F27eAD9083C756Cc2,2026-06-12T02:03:26.155918
alkimiya_io_regression,F-002,Medium,Bounty inflation via mint-then-refund — attacker can mint shares to inflate boun,0,FAIL,0,,2026-06-12T02:03:26.155922
alkimiya_io_regression,F-004,Medium,Pool cannot be ended if index balance ever decreases — permanent fund lock due t,0,FAIL,0,,2026-06-12T02:03:26.155925
size_credit_regression,F-001,High,Missing collateral ratio (crOpening) check when creating new debt positions via ,0,PASS,36755365372955250887372,0x6B175474E89094C44Da98b954EedeAC495271d0F,2026-06-12T02:33:49.267834
shoco_regression,F-001,Critical,sendETHToTeamDev permanently locks 50% of all swap proceeds — no recovery possib,0,FAIL,2283118575445296391163,,2026-06-12T03:03:12.459661
shoco_regression,F-002,Medium,Sniper blacklist bypass via missing sender check — blacklisted addresses can sel,0,FAIL,0,,2026-06-12T03:03:12.459694
sushi_router_regression,F-001,High,Fake unwrap in wrapNative allows draining all ETH from RouteProcessor2 contract,0,PASS,10000000000000000000,,2026-06-12T03:40:49.434699
sushi_router_regression,F-002,Medium,InputStream.createStream has off-by-32 memory offset causing incorrect stream pa,0,PASS,5000000000000000000,,2026-06-12T03:40:49.434724
sushi_router_regression,F-003,Low,swapTrident accepts arbitrary pool address and calldata enabling unchecked exter,0,PASS,8000000000000000000,,2026-06-12T03:40:49.434727
uerii_regression,F-001,Critical,Unrestricted Public Mint Function Allows Unlimited Token Creation and Pool Drain,0,PASS,2447241739,,2026-06-12T03:49:55.251092
seneca_regression,F-001,Medium,_repay with skim=true transfers from wrong address causing consistent revert,0,FAIL,0,,2026-06-12T04:11:10.635164
seneca_regression,F-002,Medium,Open liquidation with swapper always fails because collateral is transferred bef,0,FAIL,0,,2026-06-12T04:11:10.635189
seneca_regression,F-003,Low,withdrawFees function has no access control,0,PASS,2699181053160220,0x0000000000000000000000000000000000000000,2026-06-12T04:11:10.635192
teamfinance_regression,F-001,Critical,Unprotected initialize() allows anyone to become owner and steal all locked depo,0,FAIL,0,,2026-06-12T04:47:45.210167
teamfinance_regression,F-002,High,recoverAssets() gives owner unilateral power to reassign and steal all user depo,0,FAIL,0,,2026-06-12T04:47:45.210192
teamfinance_regression,F-003,Medium,Fee calculation uses Uniswap V2 spot price manipulatable via flash loans,0,PASS,96344923568477100,0xC02aaA39b223FE8D0A0e5C4F27eAD9083C756Cc2,2026-06-12T04:47:45.210196
teamfinance_regression,F-004,Medium,Chainlink oracle price feed answer not validated for staleness or negative value,0,PASS,96344923568477100,0xC02aaA39b223FE8D0A0e5C4F27eAD9083C756Cc2,2026-06-12T04:47:45.210199
teamfinance_regression,F-005,Low,ETH refund in _chargeFees can be griefed by recipient contract reverting on rece,0,FAIL,0,,2026-06-12T04:47:45.210202
dfx_regression,F-001,High,Flash function missing nonReentrant modifier allows reentrancy via flashCallback,0,FAIL,0,,2026-06-12T07:41:34.486116
earningfram_regression,F-001,Critical,Uninitialized Vault Contract - Anyone Can Call initialize() and Take Full Owners,0,FAIL,0,,2026-06-12T08:23:45.981234
earningfram_regression,F-002,Medium,Excess ETH in deposit() Permanently Locked in Vault,0,FAIL,0,,2026-06-12T08:23:45.981257
earningfram_regression,F-003,Informational,No Zero-Address Validation for _asset Parameter in initialize(),0,FAIL,0,,2026-06-12T08:23:45.981260
floordao_regression,F-001,Critical,Bounty theft via stake() and unstake() — rebase bounty added to caller's amount,0,FAIL,0,,2026-06-12T08:55:22.165408
floordao_regression,F-002,High,Distribution inflation via stake/unstake cycle — epoch.distribute computed befor,0,FAIL,0,,2026-06-12T08:55:22.165432
floordao_regression,F-003,Low,"Missing zero-address validation on recipient parameter in stake, unstake, wrap, ",0,PASS,4999000000000000000,0xC02aaA39b223FE8D0A0e5C4F27eAD9083C756Cc2,2026-06-12T08:55:22.165436
cover_regression,F-001,Critical,Stale pool state in deposit() enables infinite COVER minting via lpTotal manipul,0,PASS,3403104387743138312614,0xC02aaA39b223FE8D0A0e5C4F27eAD9083C756Cc2,2026-06-12T09:04:38.107717
cover_regression,F-002,Medium,addBonusToken() lacks access control allowing anyone to set up or replace bonus ,0,FAIL,0,,2026-06-12T09:04:38.107742
cover_regression,F-003,Medium,migrateSafe2() ignores transferFrom return value risking unbacked COVER mint,0,FAIL,0,,2026-06-12T09:04:38.107747
cover_regression,F-004,Low,collectDust() and collectBonusDust() have no access control,0,PASS,831665796165878810362496750595374797,0x5D8d9F5b96f4438195BE9b99eee6118Ed4304286,2026-06-12T09:04:38.107753
cover_regression,F-005,Low,emergencyWithdraw() fails to reset bonusWriteoff leaving stale state,0,PASS,831665796165878810362496750595374797,0x5D8d9F5b96f4438195BE9b99eee6118Ed4304286,2026-06-12T09:04:38.107759
compounduni_regression,F-001,Medium,"getReporterIndex returns first match only, causing silent price update failure f",0,FAIL,0,,2026-06-12T12:59:59.813355
compounduni_regression,F-002,Low,"transferOwnership allows setting pendingOwner to address(0), risking temporary o",0,FAIL,0,,2026-06-12T12:59:59.813402
compounduni_regression,F-003,Low,"Constructor initializes REPORTER token prices to 1, creating a window of extreme",0,FAIL,0,,2026-06-12T12:59:59.813405
nimbus_regression,F-001,Critical,K-check invariant mismatch in swap() allows draining 99% of pool liquidity with ,0,PASS,9732799632558757,0x0000000000000000000000000000000000000000,2026-06-12T13:47:09.191513
erc20tokenbank_regression,F-001,Critical,Missing access control on doExchange() allows anyone to drain USDC from from_ban,0,PASS,71074959131,,2026-06-12T14:17:33.711340
erc20tokenbank_regression,F-002,High,Zero slippage parameter (min_dy=0) in Curve exchange_underlying enables sandwich,0,PASS,37562139420,0xA0b86991c6218b36c1d19D4a2e9Eb0cE3606eB48,2026-06-12T14:17:33.711370
efvault_regression,F-001,High,Deposit Front-Running Enables Theft of User Funds via Balance-Check Pattern,0,PASS,0,,2026-06-12T15:00:40.739287
efvault_regression,F-002,Medium,Uninitialized Implementation Contracts Allow Unauthorized Ownership Takeover,0,PASS,0,,2026-06-12T15:00:40.739307
efvault_regression,F-003,Low,Controller.withdraw() Queries withdrawable() with Wrong Parameter Causing Sub-Op,0,PASS,5737085965238,,2026-06-12T15:00:40.739310
efvault_regression,F-004,Informational,Unused depositApprover State Variable and Setter,0,FAIL,0,,2026-06-12T15:00:40.739314
game_regression,F-001,Critical,Token rewards permanently burned via address(0) transfer in claim(),0,PASS,20361562150669156139,0x0000000000000000000000000000000000000000,2026-06-12T15:08:30.145289
game_regression,F-002,High,Reentrancy in makeBid() allows previous bidder to drain auction ETH via CEI viol,0,PASS,16666666666666666663,0x0000000000000000000000000000000000000000,2026-06-12T15:08:30.145312
game_regression,F-003,Medium,Self-overwriting chunks extends game timer at zero cost and resets chunk price t,0,FAIL,0,,2026-06-12T15:08:30.145316
doughfina_regression,F-001,Critical,Arbitrary external call via user-controlled swap data enables theft of withdrawn,0,FAIL,0,,2026-06-12T15:33:19.831259
doughfina_regression,F-002,High,Missing access control on flashloanReq allows anyone to initiate flashloans with,0,PASS,167393464745982485,0x0000000000000000000000000000000000000000,2026-06-12T15:33:19.831283
doughfina_regression,F-003,Medium,User-controlled swap data not validated against automatically-determined collate,0,PASS,167393464745982485,0x0000000000000000000000000000000000000000,2026-06-12T15:33:19.831286
kashi_regression,F-001,Medium,Inverted maxRate check in cook's updateExchangeRate action makes the maxRate par,0,FAIL,0,,2026-06-12T16:53:37.089372
kashi_regression,F-003,Medium,"Extremely stale exchange rate (70+ days, 13.5x divergence) enables permissionles",0,PASS,0,,2026-06-12T16:53:37.089405
kashi_regression,F-002,Low,Master contract can be initialized as a live cauldron via cook's _call function ,0,FAIL,0,,2026-06-12T16:53:37.089410
gradient_maker_pool_regression,F-001,Critical,Reward theft via lpShares/tokenAmount reward accounting mismatch when pool is sk,0,PASS,2952226775095639341,0x0000000000000000000000000000000000000000,2026-06-12T18:03:27.771440
gradient_maker_pool_regression,F-002,High,Withdrawal uses pool totals for actual transfer but user balance tracking uses s,0,PASS,2014081235063531929,0x0000000000000000000000000000000000000000,2026-06-12T18:03:27.771460
gradient_maker_pool_regression,F-003,Medium,Missing isNotBlocked modifier on provideLiquidity allows liquidity provision for,0,PASS,2909819014375060986,0x0000000000000000000000000000000000000000,2026-06-12T18:03:27.771463
gradient_maker_pool_regression,F-004,Low,Unprotected receive() function locks user-sent ETH with no recovery path except ,0,PASS,2954203833199234414,0x0000000000000000000000000000000000000000,2026-06-12T18:03:27.771466
jokinthebox_regression,F-001,Critical,Missing unstaked flag check in unstake() allows unlimited double-claiming of sta,0,FAIL,0,,2026-06-12T18:39:08.839830
jokinthebox_regression,F-002,Medium,Incorrect state tracking: affiliate commissions record earnings instead of affil,0,PASS,32172201081739128065016466528,,2026-06-12T18:39:08.839853
jokinthebox_regression,F-003,Low,Signature malleability via unchecked ecrecover s-value,0,FAIL,0,,2026-06-12T18:39:08.839857
jokinthebox_regression,F-004,Informational,Inconsistent Withdraw event emission for ETH withdrawals,0,FAIL,0,,2026-06-12T18:39:08.839860
jokinthebox_regression,F-005,Informational,Unchecked return value of transferFrom in stake(),0,FAIL,99309834,,2026-06-12T18:39:08.839863
kashi_regression,F-001,Medium,Inverted maxRate check in cook's updateExchangeRate action makes the maxRate par,0,FAIL,0,,2026-06-12T19:34:28.484633
kashi_regression,F-003,Medium,"Extremely stale exchange rate (70+ days, 13.5x divergence) enables permissionles",0,FAIL,0,,2026-06-12T19:34:28.484659
kashi_regression,F-002,Low,Master contract can be initialized as a live cauldron via cook's _call function ,0,PASS,2259724027344321269778,0x99D8a9C45b2ecA8864373A26D1459e3Dff1e17F3,2026-06-12T19:34:28.484662
compounduni_regression,F-001,Medium,"getReporterIndex returns first match only, causing silent price update failure f",0,PASS,0,,2026-06-13T01:27:16.703655
compounduni_regression,F-002,Low,"transferOwnership allows setting pendingOwner to address(0), risking temporary o",0,FAIL,0,,2026-06-13T01:27:16.703680
compounduni_regression,F-003,Low,"Constructor initializes REPORTER token prices to 1, creating a window of extreme",0,FAIL,0,,2026-06-13T01:27:16.703683
brahtopg_regression,F-001,Critical,Arbitrary external call in zap() allows theft of Batcher user funds via zapIn(),0,PASS,6116402918745889967402,,2026-06-13T01:52:12.815359
brahtopg_regression,F-002,Medium,Approval-address mismatch in zap() allows token approvals to be granted to arbit,0,PASS,524720450225073894671,0xB3dA8d6Da3eDe239ccbF576cA0Eaa74D86f0e9D3,2026-06-13T01:52:12.815380
brahtopg_regression,F-003,Low,"sweep() does not validate ERC20 transfer return values, risking silent failures ",0,PASS,9913198527132957321030,,2026-06-13T01:52:12.815383
conic_regression,F-001,Medium,usdExchangeRate() bypasses cache expiry by reading raw _cachedTotalUnderlying in,0,PASS,0,,2026-06-13T02:09:41.697094
conic_regression,F-003,Low,_isDepegged reverts for Curve pools whose LP token price was never cached,0,FAIL,0,,2026-06-13T02:09:41.697125
conic_regression,F-002,Low,Delegatecall storage slot collision risk between ConicEthPool and ConvexHandlerV,0,FAIL,0,,2026-06-13T02:09:41.697130
dfx_regression,F-001,High,Flash function missing nonReentrant modifier allows reentrancy via flashCallback,0,PASS,254370202098,,2026-06-13T02:33:21.755436
blueberryprotocol_regression,F-001,High,seizeAllowed is dead code — global seize pause has no effect and seize guard is ,0,FAIL,0,,2026-06-13T02:36:20.511254
blueberryprotocol_regression,F-002,Medium,_setCloseFactor allows close factor of 0% or >100% with no bounds validation,0,FAIL,0,,2026-06-13T02:36:20.511283
blueberryprotocol_regression,F-003,Medium,_setLiquidationIncentive has no bounds validation — can be set to 0 or extreme v,0,PASS,8500000000000000000,0x0000000000000000000000000000000000000000,2026-06-13T02:36:20.511286
blueberryprotocol_regression,F-004,Medium,_delistMarket can delist markets with outstanding borrows — debt becomes uncolla,0,PASS,7000000000000000000,0xC02aaA39b223FE8D0A0e5C4F27eAD9083C756Cc2,2026-06-13T02:36:20.511289
mimspell_regression,F-001,Critical,Public swap function with arbitrary swapData allows theft of LP from swapper's B,0,PASS,413012805450794094,0x0000000000000000000000000000000000000000,2026-06-13T04:27:19.313926
mimspell_regression,F-002,Medium,"fromToken and toToken parameters completely ignored, violating ISwapperV2 interf",0,PASS,9995803848502806125,0x99D8a9C45b2ecA8864373A26D1459e3Dff1e17F3,2026-06-13T04:27:19.313948
mimspell_regression,F-003,Low,"BentoBox withdraw return values ignored, relying on balanceOf for amount determi",0,FAIL,0,,2026-06-13T04:27:19.313951
